property_id,PROP_01,PROP_02,PROP_03,PROP_04,PROP_05,PROP_06,PROP_07,PROP_08,PROP_09,PROP_10,PROP_11,PROP_12,PROP_13,PROP_14,PROP_15,PROP_16,PROP_17,PROP_18,PROP_19,PROP_20,PROP_21,PROP_22,PROP_23,PROP_24,PROP_25,PROP_26,PROP_27,PROP_28,PROP_29,PROP_30,PROP_31,PROP_32,PROP_33,PROP_34,PROP_35,PROP_36,PROP_37,PROP_38,PROP_39,PROP_40,PROP_41,PROP_42,PROP_43,PROP_44,PROP_45,PROP_46,PROP_47,PROP_48,PROP_49,PROP_50,PROP_51,PROP_52,PROP_53,PROP_54,PROP_55,PROP_56,PROP_57,PROP_58,PROP_59,PROP_60,PROP_61,PROP_62,PROP_63,PROP_64,PROP_65,PROP_66,PROP_67,PROP_68,PROP_69,PROP_70,PROP_71,PROP_72,PROP_73,PROP_74,PROP_75,PROP_76,PROP_77,PROP_78,PROP_79,PROP_80
PROP_01,0.017069683800999998,0.0026748638357760833,-0.00196471862472807,-0.003797944926535583,-0.0008928893580807796,-0.0003953655701457241,-0.0005612068327907426,0.002368644092765246,0.017069683800999998,0.024255488801,-0.0025171144990107485,-0.002176001326155925,0.002626480952187148,-0.003433660166842507,0.004431338968140463,-0.0023332086812417477,0.019029448801,-0.0027786002876927568,-0.002647857393351753,-0.002176001326155925,-0.0005612068327907426,0.002368644092765246,-0.0003953655701457241,-0.003748074877014153,7.570155632502375e-05,0.0031421546710309525,-0.002176001326155925,-0.003170828970715769,0.017722938800999996,-0.002176001326155925,-0.0033015718650567737,-0.0005612068327907426,-0.0015562544086608536,-0.002647857393351753,-0.0025171144990107485,0.021642468800999997,0.0036578283898747563,-0.0025513019845309643,5.891033187177565e-05,0.00326763582355278,0.021642468800999997,-0.001390413146015835,-0.0012245718833708166,7.570155632502375e-05,0.002971249829664432,0.0036578283898747563,0.003070045160960548,-0.004534111652443267,0.017722938800999996,-0.002647857393351753,-0.002018793971070102,0.019682703801,-0.001058730620725798,0.018376193800999998,7.570155632502375e-05,-0.002964660243895804,-0.003170828970715769,0.0024772731731838517,-0.0026476233914133934,0.003070045160960548,-0.0025171144990107485,0.017069683800999998,0.00010928400523151998,0.019682703801,-0.002647857393351753,0.0039156652492966584,0.004689175827562365,9.249278077827186e-05,0.023602233801,0.0023784778418877352,-0.0038245434424207902,-0.00196471862472807,-0.0005612068327907426,0.003465226486145012,0.022948978800999997,-0.0017980616882001144,-0.0025171144990107485,0.0033999915304528546,-0.0005612068327907426,-0.0025171144990107485
PROP_02,0.0026748638357760833,0.018326119876,-0.001572940031092983,-0.0030406082253437946,0.001396083011461397,0.0006181764300378845,0.000877478623845722,0.0005567576341947462,0.0026748638357760833,0.0038008981636242028,-0.004605530102664077,-0.000451990712229184,0.0006173630414395098,-0.0007132268191701064,0.0010416008921528557,-0.00048464522559679924,0.0029819641070073888,-0.005083967087420686,-0.004844748595042382,-0.000451990712229184,0.000877478623845722,0.0005567576341947462,0.0006181764300378845,-0.0007785358459053369,-0.002469046029425013,0.0007385738559290372,-0.000451990712229184,-0.0058016225645556,0.002777230592853185,-0.000451990712229184,-0.006040841056933906,0.000877478623845722,0.0024332917866927467,-0.004844748595042382,-0.004605530102664077,0.0033914311353157953,0.0008597846704185646,0.003989104949539772,-0.0019213914225966453,0.022387339875999997,0.0033914311353157953,0.002173989592884909,0.001914687399077072,-0.002469046029425013,0.020356729876,0.0008597846704185646,0.021033599876000002,-0.0009418084127434135,0.002777230592853185,-0.004844748595042382,-0.0004193361988615687,0.0030843308640844903,0.0016553852052692342,0.002879597349930287,-0.002469046029425013,-0.002373486318866153,-0.0058016225645556,0.016972379876,-0.0005499542523320299,0.021033599876000002,-0.004605530102664077,0.0026748638357760833,-0.0035643552430817487,0.0030843308640844903,-0.004844748595042382,0.0009203900776633283,0.0011022062993976194,-0.003016700636253381,0.003698531406547101,0.016295509875999998,-0.006997715026447126,-0.001572940031092983,0.000877478623845722,0.023741079876,0.003596164649469999,-0.001439515649797455,-0.004605530102664077,0.000799179263173801,0.000877478623845722,-0.004605530102664077
PROP_03,-0.0019647186247280703,-0.0015729400310929829,0.0034745130249999997,0.006716488025,-0.0006821116132896418,-0.00030203456279392763,-0.0004287269129591657,5.39461643527416e-05,-0.0019647186247280703,-0.00279180394638687,0.0014229598822427666,-0.0013568734435732434,5.9818430953305636e-05,-0.0021411026908124318,0.0001009242971572539,-0.0014549020994781418,-0.002190287348816834,0.0015707814403075032,0.0014968706612751349,-0.0013568734435732434,-0.0004287269129591657,5.39461643527416e-05,-0.00030203456279392763,-0.0023371600026222284,0.0001900313173846834,7.156296415443372e-05,-0.0013568734435732434,0.0017925137774046078,-0.0020399081994243247,-0.0013568734435732434,0.0018664245564369763,-0.0004287269129591657,-0.0011888810139505943,0.0014968706612751349,0.0014229598822427666,-0.002491045647601852,8.330749735556178e-05,-0.001949035114942023,0.00014788081667829457,-0.0019215165740982091,-0.002491045647601852,-0.001062188663785356,-0.0009354963136201181,0.0001900313173846834,-0.0017472283025955961,8.330749735556178e-05,-0.0018053243930964673,-0.002827303282146721,-0.0020399081994243247,0.0014968706612751349,-0.001258844787668345,-0.0022654769235130887,-0.0008088039634548799,-0.0021150977741205795,0.0001900313173846834,0.005242863025,0.0017925137774046078,-0.001456747850091241,-0.001650959411287939,-0.0018053243930964673,0.0014229598822427666,-0.0019647186247280703,0.0002743323187974611,-0.0022654769235130887,0.0014968706612751349,8.917976395612584e-05,0.00010679656375781795,0.00023218181809107227,-0.002716614371690616,-0.0013986517595903699,0.0021620676725664493,0.0034745130249999997,-0.0004287269129591657,-0.0020377087550999514,-0.002641424796994361,0.0031797880249999997,0.0014229598822427666,7.743523075499776e-05,-0.0004287269129591657,0.0014229598822427666
PROP_04,-0.0037979449265355836,-0.003040608225343794,0.006716488025,0.012983463025000001,-0.0013185716816742428,-0.000583854919968684,-0.0008287605072038704,0.00010428188475991419,-0.0037979449265355836,-0.005396761399118703,0.002750685618494394,-0.0026229356947655145,0.00011563340597123438,-0.004138908238266563,0.0001950940544504758,-0.002812432262703145,-0.004233985782694617,0.00303643551133834,0.002893560564916367,-0.0026229356947655145,-0.0008287605072038704,0.00010428188475991419,-0.000583854919968684,-0.004517901374141825,0.00036734444752562135,0.0001383364483938748,-0.0026229356947655145,0.003465060350604259,-0.003943291878588594,-0.0026229356947655145,0.0036079352970262327,-0.0008287605072038704,-0.002298194030614988,0.002893560564916367,0.002750685618494394,-0.004815373590906659,0.0001610394908165152,-0.0037676275540261053,0.00028586444408191153,-0.0037144322001123158,-0.004815373590906659,-0.0020532884433798015,-0.0018083828561446154,0.00036734444752562135,-0.0033775202127280554,0.0001610394908165152,-0.003489824208522809,-0.00546538421382998,-0.003943291878588594,0.002893560564916367,-0.002433439126827883,-0.004379332734747627,-0.001563477268909429,-0.004088638830641605,0.00036734444752562135,0.010134838025,0.003465060350604259,-0.0028160002337542876,-0.0031914253985784076,-0.003489824208522809,0.002750685618494394,-0.0037979449265355836,0.000530304454413041,-0.004379332734747627,0.002893560564916367,0.00017239101202783542,0.00020644557566179602,0.00044882445096933117,-0.005251414447065692,-0.0027036962379595334,0.004179435082714125,0.006716488025,-0.0008287605072038704,-0.003939040191701823,-0.005106067495012682,0.006146763025,0.002750685618494394,0.000149687969605195,-0.0008287605072038704,0.002750685618494394
PROP_05,-0.0008928893580807794,0.0013960830114613967,-0.0006821116132896418,-0.0013185716816742428,0.0007246864,0.0003208864,0.00045548640000000004,-7.317395558361122e-05,-0.0008928893580807794,-0.0012687679559823866,-0.0007296601915301588,0.0015431634572896855,-8.113924802952278e-05,0.0024350623460249097,-0.00013689629515090376,0.0016546508183815883,-0.000995401702963036,-0.0008054595922833282,-0.0007675598919067436,0.0015431634572896855,0.00045548640000000004,-7.317395558361122e-05,0.0003208864,0.002658037068208716,-0.0003100308349772043,-9.706983292134592e-05,0.0015431634572896855,-0.0009191586934130822,-0.0009270601397081983,0.0015431634572896855,-0.000957058393789667,0.00045548640000000004,0.0012630864,-0.0007675598919067436,-0.0007296601915301588,-0.0011320848294727112,-0.00011300041781316904,0.0020706864,-0.00024126345963845785,0.001705466573621353,-0.0011320848294727112,0.0011284863999999999,0.0009938864,-0.0003100308349772043,0.001550774792541375,-0.00011300041781316904,0.0016023387195680343,0.003215473873668231,-0.0009270601397081983,-0.0007675598919067436,0.0014316760961977824,-0.0010295724845904549,0.0008592863999999999,-0.0009612309213356172,-0.0003100308349772043,-0.0010292716505903331,-0.0009191586934130822,0.0012929551574080783,0.0018776255405653947,0.0016023387195680343,-0.0007296601915301588,-0.0008928893580807794,-0.0004475655856546971,-0.0010295724845904549,-0.0007675598919067436,-0.00012096571025908063,-0.00014486158759681532,-0.00037879821031595065,-0.0012345971743549678,0.0012413912303814187,-0.0011086571952960056,-0.0006821116132896418,0.00045548640000000004,0.0018085944276746717,-0.001200426392727549,-0.0006242516070728599,-0.0007296601915301588,-0.0001050351253672575,0.00045548640000000004,-0.0007296601915301588
PROP_06,-0.00039536557014572404,0.0006181764300378845,-0.0003020345627939276,-0.000583854919968684,0.0003208864,0.0001420864,0.00020168640000000002,-3.2400949129147314e-05,-0.00039536557014572404,-0.0005618021558436126,-0.0003230887623714522,0.0006833026898548682,-3.592792854799077e-05,0.0010782296866499602,-6.0616784479894975e-05,0.0007326685644542546,-0.0004407573662451482,-0.000356652241456808,-0.0003398705019141301,0.0006833026898548682,0.00020168640000000002,-3.2400949129147314e-05,0.0001420864,0.001176961435848733,-0.00013727962678039654,-4.298188738567769e-05,0.0006833026898548682,-0.0004069974600848417,-0.0004104961688455321,0.0006833026898548682,-0.0004237791996275197,0.00020168640000000002,0.0005592864,-0.0003398705019141301,-0.0003230887623714522,-0.0005012797610443804,-5.00358462233646e-05,0.0009168864,-0.00010682988257393825,0.0007551694486466022,-0.0005012797610443804,0.0004996864,0.00044008640000000004,-0.00013727962678039654,0.0006866729393422435,-5.00358462233646e-05,0.000709505109110363,0.0014237908088456657,-0.0004104961688455321,-0.0003398705019141301,0.0006339368152554817,-0.0004558879649449563,0.00038048639999999995,-0.0004256267675453402,-0.00013727962678039654,-0.000455754757616522,-0.0004069974600848417,0.0005725120905016454,0.0008314003136530276,0.000709505109110363,-0.0003230887623714522,-0.00039536557014572404,-0.00019817911519331313,-0.0004558879649449563,-0.0003398705019141301,-5.3562825642208065e-05,-6.414376389873844e-05,-0.00016772937098685482,-0.0005466715571438045,0.0005496799207335257,-0.0004909061577982312,-0.0003020345627939276,0.00020168640000000002,0.0008008337881828414,-0.0005315409584439964,-0.0002764145303234952,-0.0003230887623714522,-4.650886680452115e-05,0.00020168640000000002,-0.0003230887623714522
PROP_07,-0.0005612068327907426,0.0008774786238457219,-0.0004287269129591657,-0.0008287605072038704,0.00045548640000000004,0.00020168640000000002,0.00028628640000000004,-4.599195128063528e-05,-0.0005612068327907426,-0.0007974574225565373,-0.0004586125720910211,0.0009699229456664741,-5.0998368375168106e-05,0.0015305072397749436,-8.60432880368979e-05,0.0010399959824300327,-0.0006256388118177775,-0.0005062546917323147,-0.00048243363191166795,0.0009699229456664741,0.00028628640000000004,-4.599195128063528e-05,0.00020168640000000002,0.0016706533133020608,-0.00019486336284599913,-6.101120256423377e-05,0.0009699229456664741,-0.0005777178711942552,-0.0005826841591330875,0.0009699229456664741,-0.0006015389310149021,0.00028628640000000004,0.0007938864000000001,-0.00048243363191166795,-0.0004586125720910211,-0.0007115481171871573,-7.102403675329942e-05,0.0013014864,-0.00015164107492877813,0.001071935156971519,-0.0007115481171871573,0.0007092864,0.0006246864000000001,-0.00019486336284599913,0.0009747068904086206,-7.102403675329942e-05,0.0010071163125962535,0.0020210184971198543,-0.0005826841591330875,-0.00048243363191166795,0.0008998499089029153,-0.0006471161381601225,0.0005400864,-0.0006041614854754325,-0.00019486336284599913,-0.0006469270552744592,-0.0005777178711942552,0.0008126597794704564,0.00118014205595715,0.0010071163125962535,-0.0004586125720910211,-0.0005612068327907426,-0.0002813079386804411,-0.0006471161381601225,-0.00048243363191166795,-7.603045384783224e-05,-9.104970513143073e-05,-0.00023808565076322013,-0.0007759800962141923,0.0007802503572828234,-0.0006968231702974894,-0.0004287269129591657,0.00028628640000000004,0.001136754001346785,-0.0007545027698718474,-0.0003923602225732835,-0.0004586125720910211,-6.60176196587666e-05,0.00028628640000000004,-0.0004586125720910211
PROP_08,0.002368644092765246,0.0005567576341947462,5.39461643527416e-05,0.00010428188475991419,-7.317395558361122e-05,-3.2400949129147314e-05,-4.5991951280635285e-05,0.002109840489,0.002368644092765246,0.0033657694504133973,-0.0028638550160997277,0.0006012559228807776,0.002339505489,0.0009487625249387927,0.003947160489,0.0006446942481380295,0.002640587372123833,-0.003161361302702928,-0.003012608159401328,0.0006012559228807776,-4.5991951280635285e-05,0.002109840489,-3.2400949129147314e-05,0.0010356391754532963,-0.0001840922691177208,0.002798835489,0.0006012559228807776,-0.0036076207326077286,0.0024592918525514415,0.0006012559228807776,-0.0037563738759093294,-4.5991951280635285e-05,-0.0001275379641895631,-0.003012608159401328,-0.0028638550160997277,0.0030031784112686147,0.003258165489,-0.0002090839770984909,-0.0001432590979000558,0.0006801397387779186,0.0030031784112686147,-0.00011394696203807512,-0.00010035595988658716,-0.0001840922691177208,0.0006184486864863325,0.003258165489,0.0006390123705835278,0.0012528308017395557,0.0024592918525514415,-0.003012608159401328,0.0005578175976235257,0.0027312351319100283,-8.676495773509918e-05,0.0025499396123376374,-0.0001840922691177208,8.140201184756301e-05,-0.0036076207326077286,0.0005156302660003554,0.0007315708986525333,0.0006390123705835278,-0.0028638550160997277,0.002368644092765246,-0.00026575861155305077,0.0027312351319100283,-0.003012608159401328,0.003487830489,0.0041768254890000005,-0.0002249254403353858,0.0032751216906272015,0.0004950665819031599,-0.0043513864491157295,5.39461643527416e-05,-4.5991951280635285e-05,0.0007212671069723094,0.003184473930841006,4.9370189770271366e-05,-0.0028638550160997277,0.003028500489,-4.5991951280635285e-05,-0.0028638550160997277
PROP_09,0.017069683800999998,0.0026748638357760833,-0.00196471862472807,-0.003797944926535583,-0.0008928893580807796,-0.0003953655701457241,-0.0005612068327907426,0.002368644092765246,0.017069683800999998,0.024255488801,-0.0025171144990107485,-0.002176001326155925,0.002626480952187148,-0.003433660166842507,0.004431338968140463,-0.0023332086812417477,0.019029448801,-0.0027786002876927568,-0.002647857393351753,-0.002176001326155925,-0.0005612068327907426,0.002368644092765246,-0.0003953655701457241,-0.003748074877014153,7.570155632502375e-05,0.0031421546710309525,-0.002176001326155925,-0.003170828970715769,0.017722938800999996,-0.002176001326155925,-0.0033015718650567737,-0.0005612068327907426,-0.0015562544086608536,-0.002647857393351753,-0.0025171144990107485,0.021642468800999997,0.0036578283898747563,-0.0025513019845309643,5.891033187177565e-05,0.00326763582355278,0.021642468800999997,-0.001390413146015835,-0.0012245718833708166,7.570155632502375e-05,0.002971249829664432,0.0036578283898747563,0.003070045160960548,-0.004534111652443267,0.017722938800999996,-0.002647857393351753,-0.002018793971070102,0.019682703801,-0.001058730620725798,0.018376193800999998,7.570155632502375e-05,-0.002964660243895804,-0.003170828970715769,0.0024772731731838517,-0.0026476233914133934,0.003070045160960548,-0.0025171144990107485,0.017069683800999998,0.00010928400523151998,0.019682703801,-0.002647857393351753,0.0039156652492966584,0.004689175827562365,9.249278077827186e-05,0.023602233801,0.0023784778418877352,-0.0038245434424207902,-0.00196471862472807,-0.0005612068327907426,0.003465226486145012,0.022948978800999997,-0.0017980616882001144,-0.0025171144990107485,0.0033999915304528546,-0.0005612068327907426,-0.0025171144990107485
PROP_10,0.024255488801,0.0038008981636242028,-0.00279180394638687,-0.005396761399118703,-0.0012687679559823866,-0.0005618021558436126,-0.0007974574225565373,0.003365769450413397,0.024255488801,0.034466293801000004,-0.003576741271447173,-0.0030920300816845926,0.0037321475936234415,-0.004879124106470509,0.006296794596093754,-0.0033154168347828317,0.027040253801000003,-0.003948304429437571,-0.0037625228504423723,-0.0030920300816845926,-0.0007974574225565373,0.003365769450413397,-0.0005618021558436126,-0.005325897612666987,0.00010756955272670693,0.004464903880043531,-0.0030920300816845926,-0.004505649166423168,0.025183743801,-0.0030920300816845926,-0.004691430745418368,-0.0007974574225565373,-0.002211389022834086,-0.0037625228504423723,-0.003576741271447173,0.030753273801,0.00519766016646362,-0.003625320623111634,8.370974598225059e-05,0.004643208687866125,0.030753273801,-0.001975733756121161,-0.0017400784894082363,0.00010756955272670693,0.004222053425745165,0.00519766016646362,0.004362438513118819,-0.006442831378158186,0.025183743801,-0.0037625228504423723,-0.0028686433285863527,0.027968508801000002,-0.0015044232226953114,0.026111998801,0.00010756955272670693,-0.004212689829695143,-0.004505649166423168,0.003520127988876896,-0.003762190340979311,0.004362438513118819,-0.003576741271447173,0.024255488801,0.0001552891662156196,0.027968508801000002,-0.0037625228504423723,0.005564038309673665,0.006663172739303799,0.00013142935947116328,0.033538038801,0.0033797429015032412,-0.005434557061399165,-0.00279180394638687,-0.0007974574225565373,0.004923978862613434,0.032609783801,-0.0025549896325021584,-0.003576741271447173,0.004831282023253576,-0.0007974574225565373,-0.003576741271447173
PROP_11,-0.0025171144990107485,-0.004605530102664077,0.0014229598822427666,0.002750685618494394,-0.0007296601915301588,-0.0003230887623714522,-0.0004586125720910211,-0.0028638550160997277,-0.0025171144990107485,-0.0035767412714471725,0.009266372644,-0.0009277241985932149,-0.0031755976647509943,-0.0014639189729506387,-0.005357796205309862,-0.0009947485453878928,-0.0028061036187661367,0.010228992644,0.009747682644,-0.0009277241985932149,-0.0004586125720910211,-0.0028638550160997277,-0.0003230887623714522,-0.0015979676665399947,0.0001498434719443201,-0.003799082962053528,-0.0009277241985932149,0.011672922644,-0.002613444205595878,-0.0009277241985932149,0.012154232644000002,-0.0004586125720910211,-0.0012717554304084344,0.009747682644,0.009266372644,-0.0031914224451066544,-0.004422568259356061,-0.0020848982887258474,0.00011660696410466077,-0.005626153731129826,-0.0031914224451066544,-0.0011362316206888655,-0.0010007078109692967,0.0001498434719443201,-0.005115841916896952,-0.004422568259356061,-0.005285945854974577,-0.0019330894005133849,-0.002613444205595878,0.009747682644,-0.0008606998517985369,-0.0029024333253512666,-0.0008651840012497276,-0.0027097739121810073,0.0001498434719443201,0.0021471739201982,0.011672922644,-0.0042653222265088275,-0.001128797238977249,-0.005285945854974577,0.009266372644,-0.0025171144990107485,0.00021631648762363877,-0.0029024333253512666,0.009747682644,-0.0047343109080073284,-0.005669538853961128,0.00018307997978397943,-0.003480411564862043,-0.004095218288431202,0.014079472644,0.0014229598822427666,-0.0004586125720910211,-0.005966361607285075,-0.0033840818582769132,0.0013022575425835278,0.009266372644,-0.004110825610704795,-0.0004586125720910211,0.009266372644
PROP_12,-0.002176001326155925,-0.00045199071222918393,-0.0013568734435732434,-0.002622935694765514,0.0015431634572896855,0.0006833026898548682,0.0009699229456664741,0.0006012559228807776,-0.002176001326155925,-0.0030920300816845926,-0.0009277241985932149,0.004789747264000001,0.0006667051557722475,0.007558067264000001,0.001124849786012537,0.005135787264,-0.0024258273503910167,-0.001024099112743473,-0.000975911655668344,0.004789747264000001,0.0009699229456664741,0.0006012559228807776,0.0006833026898548682,0.008250147264,-0.0005289403153877206,0.0007976036215551873,0.004789747264000001,-0.00116866148396886,-0.0022592766675676224,0.004789747264000001,-0.0012168489410439895,0.0009699229456664741,0.002689644480536109,-0.000975911655668344,-0.0009277241985932149,-0.0027589287160378045,0.0009285020873381272,0.004409366015405743,-0.0004116170265518319,-0.0005521555988904004,-0.0027589287160378045,0.002403024224724503,0.002116403968912897,-0.0005289403153877206,-0.0005020731555597923,0.0009285020873381272,-0.0005187673033366616,0.009980347264000001,-0.0022592766675676224,-0.000975911655668344,0.0044437072640000005,-0.0025091026918027137,0.001829783713101291,-0.0023425520089793194,-0.0005289403153877206,-0.002047452853314482,-0.00116866148396886,-0.0004186024166754452,0.005827867264000001,-0.0005187673033366616,-0.0009277241985932149,-0.002176001326155925,-0.0007635868930594981,-0.0025091026918027137,-0.000975911655668344,0.000993951320229597,0.001190299018904007,-0.0006462636042236094,-0.0030087547402728957,-0.0004019082688985757,-0.0014095987693445056,-0.0013568734435732434,0.0009699229456664741,-0.0005855438944441393,-0.0029254793988611988,-0.001241776875283037,-0.0009277241985932149,0.0008630528544466573,0.0009699229456664741,-0.0009277241985932149
PROP_13,0.002626480952187148,0.0006173630414395098,5.9818430953305636e-05,0.00011563340597123438,-8.113924802952278e-05,-3.5927928547990766e-05,-5.0998368375168106e-05,0.002339505489,0.002626480952187148,0.003732147593623442,-0.0031755976647509943,0.0006667051557722475,0.002594170489,0.001052039311229563,0.004376825488999999,0.0007148719252044118,0.002928026399851592,-0.003505488760380733,-0.003340543212565864,0.0006667051557722475,-5.0998368375168106e-05,0.002339505489,-3.5927928547990766e-05,0.001148372850093892,-0.00020413148592456128,0.003103500489,0.0006667051557722475,-0.004000325403825342,0.0027269961014086295,0.0006667051557722475,-0.0041652709516402115,-5.0998368375168106e-05,-0.00014142100733823213,-0.003340543212565864,-0.0031755976647509943,0.0033300869967375166,0.003612830489,-0.00023184364630129614,-0.0001588534524926206,0.0007541758063957444,0.0033300869967375166,-0.0001263505675110548,-0.00011128012768387745,-0.00020413148592456128,0.0006857694239176272,0.003612830489,0.0007085715514103329,0.001389206697254714,0.0027269961014086295,-0.003340543212565864,0.0006185383863400829,0.003028541549073073,-9.62096878567001e-05,0.002827511250630111,-0.00020413148592456128,9.026296278126676e-05,-0.004000325403825342,0.0005717587864540985,0.0008112054640687409,0.0007085715514103329,-0.0031755976647509943,0.002626480952187148,-0.00029468755278844264,0.003028541549073073,-0.003340543212565864,0.003867495489,0.004631490489,-0.00024940951935650195,0.0036316324444019606,0.0005489566589613926,-0.00482505314289969,5.9818430953305636e-05,-5.0998368375168106e-05,0.000799780061381156,0.0035311172951804793,5.474434231531211e-05,-0.0031755976647509943,0.0033581654890000004,-5.0998368375168106e-05,-0.0031755976647509943
PROP_14,-0.0034336601668425075,-0.0007132268191701063,-0.0021411026908124318,-0.004138908238266563,0.00243506234602491,0.0010782296866499602,0.0015305072397749436,0.0009487625249387925,-0.0034336601668425075,-0.004879124106470509,-0.0014639189729506387,0.007558067264000001,0.001052039311229563,0.011926387263999999,0.0017749768152649566,0.008104107264,-0.0038278776049228717,-0.0016159954904705987,-0.0015399572317106188,0.007558067264000001,0.0015305072397749436,0.0009487625249387925,0.0010782296866499602,0.013018467264,-0.0008346508201777569,0.0012585928838111042,0.007558067264000001,-0.0018441102667505385,-0.003565065979535962,0.007558067264000001,-0.0019201485255105188,0.0015305072397749436,0.004244172558524844,-0.0015399572317106188,-0.0014639189729506387,-0.0043535008556966895,0.001465146456392645,0.006957837877274743,-0.0006495184405801708,-0.0008712837915215415,-0.0043535008556966895,0.00379189500539986,0.0033396174522748764,-0.0008346508201777569,-0.000792255305345824,0.001465146456392645,-0.0008185981340710632,0.015748667264,-0.003565065979535962,-0.0015399572317106188,0.007012027264,-0.003959283417616326,0.002887339899149893,-0.003696471792229417,-0.0008346508201777569,-0.003230814807605594,-0.0018441102667505385,-0.000660541161719628,0.009196187264,-0.0008185981340710632,-0.0014639189729506387,-0.0034336601668425075,-0.001204915579372929,-0.003959283417616326,-0.0015399572317106188,0.0015684232426834157,0.0018782536015557272,-0.001019783199775343,-0.004747718293777054,-0.0006341983329943887,-0.0022243015605504387,-0.0021411026908124318,0.0015305072397749436,-0.00092396944897202,-0.004616312481083599,-0.001959484004680238,-0.0014639189729506387,0.0013618696701018747,0.0015305072397749436,-0.0014639189729506387
PROP_15,0.004431338968140463,0.0010416008921528557,0.00010092429715725389,0.0001950940544504758,-0.00013689629515090376,-6.0616784479894975e-05,-8.604328803689791e-05,0.003947160489,0.004431338968140463,0.006296794596093755,-0.005357796205309862,0.001124849786012537,0.004376825488999999,0.0017749768152649566,0.007384480488999999,0.0012061156646690893,0.004940099593945906,-0.005914380964125371,-0.005636088584717616,0.001124849786012537,-8.604328803689791e-05,0.003947160489,-6.0616784479894975e-05,0.0019375085725780615,-0.00034440600357244465,0.0052361554889999995,0.001124849786012537,-0.006749258102348636,0.004600925843408944,0.001124849786012537,-0.007027550481756392,-8.604328803689791e-05,-0.00023860230937891547,-0.005636088584717616,-0.005357796205309862,0.00561844709501983,0.006095485489,-0.000391161330720933,-0.0002680139346405742,0.001272428279720525,0.00561844709501983,-0.00021317580582191252,-0.0001877493022649096,-0.00034440600357244465,0.0011570145859366905,0.006095485489,0.0011954858171979686,0.002343837965860824,0.004600925843408944,-0.005636088584717616,0.0010435839073559845,0.005109686469214387,-0.00016232279870790665,0.004770512718677425,-0.00034440600357244465,0.0001522896193171931,-0.006749258102348636,0.0009646584296302994,0.0013686474219821944,0.0011954858171979686,-0.005357796205309862,0.004431338968140463,-0.0004971901414361856,0.005109686469214387,-0.005636088584717616,0.006525150489,0.007814145489,-0.0004207980725043151,0.006127207720825274,0.000926187198369021,-0.00814071999938741,0.00010092429715725389,-8.604328803689791e-05,0.0013493707422430816,0.005957620845556792,9.236341013059737e-05,-0.005357796205309862,0.0056658204890000004,-8.604328803689791e-05,-0.005357796205309862
PROP_16,-0.0023332086812417477,-0.0004846452255967992,-0.001454902099478142,-0.0028124322627031454,0.0016546508183815883,0.0007326685644542546,0.0010399959824300327,0.0006446942481380295,-0.0023332086812417477,-0.0033154168347828317,-0.0009947485453878928,0.005135787264,0.0007148719252044118,0.008104107264,0.0012061156646690893,0.0055068272639999995,-0.002601083632207498,-0.0010980861599593635,-0.0010464173526736284,0.005135787264,0.0010399959824300327,0.0006446942481380295,0.0007326685644542546,0.008846187263999999,-0.0005671541284864751,0.0008552272793371768,0.005135787264,-0.0012530925818165699,-0.0024225003315636643,0.005135787264,-0.0013047613891023055,0.0010399959824300327,0.0028839604902847005,-0.0010464173526736284,-0.0009947485453878928,-0.0029582502334951646,0.0009955826334699417,0.004727924998139368,-0.00044135470330537426,-0.000592046622969293,-0.0029582502334951646,0.002576633072308922,0.002269305654333144,-0.0005671541284864751,-0.0005383459242830461,0.0009955826334699417,-0.0005562461571784618,0.010701387264,-0.0024225003315636643,-0.0010464173526736284,0.0047647472639999995,-0.002690375282529415,0.001961978236357366,-0.0025117919818855813,-0.0005671541284864751,-0.002195373097600871,-0.0012530925818165699,-0.000448844759805968,0.006248907264,-0.0005562461571784618,-0.0009947485453878928,-0.0023332086812417477,-0.0008187529788486769,-0.002690375282529415,-0.0010464173526736284,0.0010657603105363243,0.001276293341735472,-0.000692953553667576,-0.003226125184460915,-0.0004309445269105523,-0.0015114366182452472,-0.001454902099478142,0.0010399959824300327,-0.0006278470887601243,-0.003136833534138998,-0.0013314902664576871,-0.0009947485453878928,0.0009254049564035594,0.0010399959824300327,-0.0009947485453878928
PROP_17,0.019029448801,0.0029819641070073888,-0.0021902873488168343,-0.004233985782694617,-0.000995401702963036,-0.0004407573662451482,-0.0006256388118177776,0.0026405873721238324,0.019029448801,0.027040253801000003,-0.002806103618766137,-0.0024258273503910163,0.0029280263998515917,-0.0038278776049228713,0.004940099593945905,-0.002601083632207498,0.021214213801,-0.0030976105081686155,-0.0029518570634673763,-0.0024258273503910163,-0.0006256388118177776,0.0026405873721238324,-0.0004407573662451482,-0.004178390168555835,8.439282807093736e-05,0.00350290445530711,-0.0024258273503910163,-0.003534870842272333,0.019757703801,-0.0024258273503910163,-0.0036806242869735725,-0.0006256388118177776,-0.0017349274852535533,-0.0029518570634673763,-0.002806103618766137,0.024127233801,0.004077782510762628,-0.002844216158689329,6.567380844735972e-05,0.003642792059274602,0.024127233801,-0.001550046039680924,-0.0013651645941082948,8.439282807093736e-05,0.0033123780831409958,0.004077782510762628,0.003422516075185531,-0.005054671577638245,0.019757703801,-0.0029518570634673763,-0.0022505710685745343,0.021942468801000002,-0.0011802831485356652,0.020485958801,8.439282807093736e-05,-0.003305031949113806,-0.003534870842272333,0.0027616881229183183,-0.002951596195840462,0.003422516075185531,-0.002806103618766137,0.019029448801,0.00012183086731809261,0.021942468801000002,-0.0029518570634673763,0.0043652215384903876,0.005227538621673665,0.00010311184769451497,0.026311998801000002,0.0026515501308737826,-0.004263638065778529,-0.0021902873488168343,-0.0006256388118177776,0.0038630680433636728,0.025583743801,-0.002004496582100672,-0.002806103618766137,0.0037903434830348693,-0.0006256388118177776,-0.002806103618766137
PROP_18,-0.0027786002876927568,-0.005083967087420687,0.001570781440307503,0.00303643551133834,-0.0008054595922833281,-0.000356652241456808,-0.0005062546917323147,-0.003161361302702928,-0.0027786002876927568,-0.00394830442943757,0.010228992644,-0.001024099112743473,-0.0035054887603807334,-0.0016159954904705987,-0.005914380964125372,-0.0010980861599593635,-0.003097610508168615,0.011291612643999999,0.010760302644,-0.001024099112743473,-0.0005062546917323147,-0.003161361302702928,-0.000356652241456808,-0.00176396958490238,0.00016540968415103928,-0.004193743675736344,-0.001024099112743473,0.012885542643999999,-0.0028849370278513763,-0.001024099112743473,0.013416852644,-0.0005062546917323147,-0.001403869393385355,0.010760302644,0.010228992644,-0.003522957468803093,-0.004881998591091955,-0.002301484095038395,0.00012872046310786667,-0.006210616315652257,-0.003522957468803093,-0.0012542669431098482,-0.0011046644928343415,0.00016540968415103928,-0.005647291701536473,-0.004881998591091955,-0.005835066572908401,-0.0021339048209818336,-0.0028849370278513763,0.010760302644,-0.0009501120655275822,-0.0032039472483272346,-0.0009550620425588347,-0.002991273768009996,0.00016540968415103928,0.0023702291154152322,0.012885542643999999,-0.004708417344676831,-0.001246060254391145,-0.005835066572908401,0.010228992644,-0.0027786002876927568,0.00023878812623738446,-0.0032039472483272346,0.010760302644,-0.005226126048769761,-0.006258508421803177,0.00020209890519421185,-0.003841967689278951,-0.004520642473304901,0.015542092644,0.001570781440307503,-0.0005062546917323147,-0.006586166058396114,-0.0037356309491203316,0.0014375401611228815,0.010228992644,-0.00453787113341415,-0.0005062546917323147,0.010228992644
PROP_19,-0.002647857393351753,-0.004844748595042382,0.0014968706612751349,0.002893560564916367,-0.0007675598919067435,-0.00033987050191413014,-0.00048243363191166795,-0.0030126081594013276,-0.002647857393351753,-0.0037625228504423723,0.009747682644,-0.000975911655668344,-0.003340543212565864,-0.0015399572317106188,-0.005636088584717616,-0.0010464173526736284,-0.0029518570634673768,0.010760302644,0.010253992644,-0.000975911655668344,-0.00048243363191166795,-0.0030126081594013276,-0.00033987050191413014,-0.0016809686257211875,0.0001576265780476797,-0.003996413318894936,-0.000975911655668344,0.012279232644,-0.0027491906167236273,-0.000975911655668344,0.012785542644000001,-0.00048243363191166795,-0.0013378124118968947,0.010253992644,0.009747682644,-0.0033571899569548743,-0.004652283425224008,-0.0021931911918821215,0.00012266371360626372,-0.005918385023391042,-0.0033571899569548743,-0.001195249281899357,-0.0010526861519018192,0.0001576265780476797,-0.005381566809216712,-0.004652283425224008,-0.0055605062139414884,-0.0020334971107476094,-0.0027491906167236273,0.010253992644,-0.0009054059586630597,-0.003053190286839251,-0.0009101230219042812,-0.002850523840095502,0.0001576265780476797,0.002258701517806716,0.012279232644,-0.00448686978559283,-0.0011874287466841972,-0.0055605062139414884,0.009747682644,-0.002647857393351753,0.0002275523069305116,-0.003053190286839251,0.010253992644,-0.004980218478388545,-0.005964023637882153,0.00019258944248909564,-0.0036611896270704975,-0.004307930380868052,0.014810782644,0.0014968706612751349,-0.00048243363191166795,-0.006276263832840595,-0.0035598564036986233,0.0013698988518532048,0.009747682644,-0.004324348372059472,-0.00048243363191166795,0.009747682644
PROP_20,-0.002176001326155925,-0.00045199071222918393,-0.0013568734435732434,-0.002622935694765514,0.0015431634572896855,0.0006833026898548682,0.0009699229456664741,0.0006012559228807776,-0.002176001326155925,-0.0030920300816845926,-0.0009277241985932149,0.004789747264000001,0.0006667051557722475,0.007558067264000001,0.001124849786012537,0.005135787264,-0.0024258273503910167,-0.001024099112743473,-0.000975911655668344,0.004789747264000001,0.0009699229456664741,0.0006012559228807776,0.0006833026898548682,0.008250147264,-0.0005289403153877206,0.0007976036215551873,0.004789747264000001,-0.00116866148396886,-0.0022592766675676224,0.004789747264000001,-0.0012168489410439895,0.0009699229456664741,0.002689644480536109,-0.000975911655668344,-0.0009277241985932149,-0.0027589287160378045,0.0009285020873381272,0.004409366015405743,-0.0004116170265518319,-0.0005521555988904004,-0.0027589287160378045,0.002403024224724503,0.002116403968912897,-0.0005289403153877206,-0.0005020731555597923,0.0009285020873381272,-0.0005187673033366616,0.009980347264000001,-0.0022592766675676224,-0.000975911655668344,0.0044437072640000005,-0.0025091026918027137,0.001829783713101291,-0.0023425520089793194,-0.0005289403153877206,-0.002047452853314482,-0.00116866148396886,-0.0004186024166754452,0.005827867264000001,-0.0005187673033366616,-0.0009277241985932149,-0.002176001326155925,-0.0007635868930594981,-0.0025091026918027137,-0.000975911655668344,0.000993951320229597,0.001190299018904007,-0.0006462636042236094,-0.0030087547402728957,-0.0004019082688985757,-0.0014095987693445056,-0.0013568734435732434,0.0009699229456664741,-0.0005855438944441393,-0.0029254793988611988,-0.001241776875283037,-0.0009277241985932149,0.0008630528544466573,0.0009699229456664741,-0.0009277241985932149
PROP_21,-0.0005612068327907426,0.0008774786238457219,-0.0004287269129591657,-0.0008287605072038704,0.00045548640000000004,0.00020168640000000002,0.00028628640000000004,-4.599195128063528e-05,-0.0005612068327907426,-0.0007974574225565373,-0.0004586125720910211,0.0009699229456664741,-5.0998368375168106e-05,0.0015305072397749436,-8.60432880368979e-05,0.0010399959824300327,-0.0006256388118177775,-0.0005062546917323147,-0.00048243363191166795,0.0009699229456664741,0.00028628640000000004,-4.599195128063528e-05,0.00020168640000000002,0.0016706533133020608,-0.00019486336284599913,-6.101120256423377e-05,0.0009699229456664741,-0.0005777178711942552,-0.0005826841591330875,0.0009699229456664741,-0.0006015389310149021,0.00028628640000000004,0.0007938864000000001,-0.00048243363191166795,-0.0004586125720910211,-0.0007115481171871573,-7.102403675329942e-05,0.0013014864,-0.00015164107492877813,0.001071935156971519,-0.0007115481171871573,0.0007092864,0.0006246864000000001,-0.00019486336284599913,0.0009747068904086206,-7.102403675329942e-05,0.0010071163125962535,0.0020210184971198543,-0.0005826841591330875,-0.00048243363191166795,0.0008998499089029153,-0.0006471161381601225,0.0005400864,-0.0006041614854754325,-0.00019486336284599913,-0.0006469270552744592,-0.0005777178711942552,0.0008126597794704564,0.00118014205595715,0.0010071163125962535,-0.0004586125720910211,-0.0005612068327907426,-0.0002813079386804411,-0.0006471161381601225,-0.00048243363191166795,-7.603045384783224e-05,-9.104970513143073e-05,-0.00023808565076322013,-0.0007759800962141923,0.0007802503572828234,-0.0006968231702974894,-0.0004287269129591657,0.00028628640000000004,0.001136754001346785,-0.0007545027698718474,-0.0003923602225732835,-0.0004586125720910211,-6.60176196587666e-05,0.00028628640000000004,-0.0004586125720910211
PROP_22,0.002368644092765246,0.0005567576341947462,5.39461643527416e-05,0.00010428188475991419,-7.317395558361122e-05,-3.2400949129147314e-05,-4.5991951280635285e-05,0.002109840489,0.002368644092765246,0.0033657694504133973,-0.0028638550160997277,0.0006012559228807776,0.002339505489,0.0009487625249387927,0.003947160489,0.0006446942481380295,0.002640587372123833,-0.003161361302702928,-0.003012608159401328,0.0006012559228807776,-4.5991951280635285e-05,0.002109840489,-3.2400949129147314e-05,0.0010356391754532963,-0.0001840922691177208,0.002798835489,0.0006012559228807776,-0.0036076207326077286,0.0024592918525514415,0.0006012559228807776,-0.0037563738759093294,-4.5991951280635285e-05,-0.0001275379641895631,-0.003012608159401328,-0.0028638550160997277,0.0030031784112686147,0.003258165489,-0.0002090839770984909,-0.0001432590979000558,0.0006801397387779186,0.0030031784112686147,-0.00011394696203807512,-0.00010035595988658716,-0.0001840922691177208,0.0006184486864863325,0.003258165489,0.0006390123705835278,0.0012528308017395557,0.0024592918525514415,-0.003012608159401328,0.0005578175976235257,0.0027312351319100283,-8.676495773509918e-05,0.0025499396123376374,-0.0001840922691177208,8.140201184756301e-05,-0.0036076207326077286,0.0005156302660003554,0.0007315708986525333,0.0006390123705835278,-0.0028638550160997277,0.002368644092765246,-0.00026575861155305077,0.0027312351319100283,-0.003012608159401328,0.003487830489,0.0041768254890000005,-0.0002249254403353858,0.0032751216906272015,0.0004950665819031599,-0.0043513864491157295,5.39461643527416e-05,-4.5991951280635285e-05,0.0007212671069723094,0.003184473930841006,4.9370189770271366e-05,-0.0028638550160997277,0.003028500489,-4.5991951280635285e-05,-0.0028638550160997277
PROP_23,-0.00039536557014572404,0.0006181764300378845,-0.0003020345627939276,-0.000583854919968684,0.0003208864,0.0001420864,0.00020168640000000002,-3.2400949129147314e-05,-0.00039536557014572404,-0.0005618021558436126,-0.0003230887623714522,0.0006833026898548682,-3.592792854799077e-05,0.0010782296866499602,-6.0616784479894975e-05,0.0007326685644542546,-0.0004407573662451482,-0.000356652241456808,-0.0003398705019141301,0.0006833026898548682,0.00020168640000000002,-3.2400949129147314e-05,0.0001420864,0.001176961435848733,-0.00013727962678039654,-4.298188738567769e-05,0.0006833026898548682,-0.0004069974600848417,-0.0004104961688455321,0.0006833026898548682,-0.0004237791996275197,0.00020168640000000002,0.0005592864,-0.0003398705019141301,-0.0003230887623714522,-0.0005012797610443804,-5.00358462233646e-05,0.0009168864,-0.00010682988257393825,0.0007551694486466022,-0.0005012797610443804,0.0004996864,0.00044008640000000004,-0.00013727962678039654,0.0006866729393422435,-5.00358462233646e-05,0.000709505109110363,0.0014237908088456657,-0.0004104961688455321,-0.0003398705019141301,0.0006339368152554817,-0.0004558879649449563,0.00038048639999999995,-0.0004256267675453402,-0.00013727962678039654,-0.000455754757616522,-0.0004069974600848417,0.0005725120905016454,0.0008314003136530276,0.000709505109110363,-0.0003230887623714522,-0.00039536557014572404,-0.00019817911519331313,-0.0004558879649449563,-0.0003398705019141301,-5.3562825642208065e-05,-6.414376389873844e-05,-0.00016772937098685482,-0.0005466715571438045,0.0005496799207335257,-0.0004909061577982312,-0.0003020345627939276,0.00020168640000000002,0.0008008337881828414,-0.0005315409584439964,-0.0002764145303234952,-0.0003230887623714522,-4.650886680452115e-05,0.00020168640000000002,-0.0003230887623714522
PROP_24,-0.003748074877014153,-0.0007785358459053369,-0.0023371600026222284,-0.004517901374141825,0.002658037068208716,0.001176961435848733,0.0016706533133020608,0.0010356391754532963,-0.003748074877014153,-0.005325897612666987,-0.0015979676665399947,0.008250147264,0.001148372850093892,0.013018467264,0.0019375085725780617,0.008846187263999999,-0.004178390168555835,-0.00176396958490238,-0.0016809686257211875,0.008250147264,0.0016706533133020608,0.0010356391754532963,0.001176961435848733,0.014210547264,-0.0009110784463752659,0.0013738401993750834,0.008250147264,-0.0020129724624459583,-0.003891513307528047,0.008250147264,-0.0020959734216271513,0.0016706533133020608,0.004632804578022027,-0.0016809686257211875,-0.0015979676665399947,-0.0047521438906114105,0.0015993075486562746,0.007594955842741992,-0.0007089937940872555,-0.0009510658396793268,-0.0047521438906114105,0.004139112700568699,0.0036454208231153713,-0.0009110784463752659,-0.000864800842792332,0.0015993075486562746,-0.0008935558417546637,0.017190747263999998,-0.003891513307528047,-0.0016809686257211875,0.007654107264,-0.004321828599069729,0.0031517289456620434,-0.004034951738041941,-0.0009110784463752659,-0.003526655296178372,-0.0020129724624459583,-0.0007210258479806738,0.010038267264,-0.0008935558417546637,-0.0015979676665399947,-0.003748074877014153,-0.0013152477509512867,-0.004321828599069729,-0.0016809686257211875,0.0017120412232968704,0.0020502422472186573,-0.0011131630986632762,-0.005182459182153093,-0.000692270849018342,-0.002427977258351922,-0.0023371600026222284,0.0016706533133020608,-0.0010085758376039901,-0.005039020751639199,-0.0021389107870295383,-0.0015979676665399947,0.0014865738740156792,0.0016706533133020608,-0.0015979676665399947
PROP_25,7.570155632502375e-05,-0.002469046029425013,0.0001900313173846834,0.0003673444475256214,-0.0003100308349772043,-0.00013727962678039654,-0.00019486336284599913,-0.0001840922691177208,7.570155632502375e-05,0.00010756955272670693,0.00014984347194432009,-0.0005289403153877207,-0.00020413148592456125,-0.0008346508201777568,-0.00034440600357244465,-0.0005671541284864751,8.439282807093736e-05,0.00016540968415103925,0.0001576265780476797,-0.0005289403153877207,-0.00019486336284599913,-0.0001840922691177208,-0.00013727962678039654,-0.0009110784463752658,0.000508141764,-0.0002442099195382422,-0.0005289403153877207,0.00018875900246111802,7.859864690699495e-05,-0.0005289403153877207,0.00019654210856447763,-0.00019486336284599913,-0.0005403657792396146,0.0001576265780476797,0.00014984347194432009,9.598119039882214e-05,-0.0002842883531519232,-0.00088586819563323,0.00039543176399999994,-0.003016207086073634,9.598119039882214e-05,-0.00048278204317401196,-0.00042519830710840945,0.000508141764,-0.0027426265577493235,-0.0002842883531519232,-0.0028338200671907607,-0.0011021475118690386,7.859864690699495e-05,0.0001576265780476797,-0.0004907265022889661,8.728991865290856e-05,-0.0003676145710428068,8.149573748896615e-05,0.000508141764,0.0002867475701888314,0.00018875900246111802,-0.0022866590105421396,-0.0006435817546839843,-0.0028338200671907607,0.00014984347194432009,7.570155632502375e-05,0.0007335617640000001,8.728991865290856e-05,0.0001576265780476797,-0.0003043275699587637,-0.0003644452203792851,0.000620851764,0.00010467246214473573,-0.0021954655011007028,0.00022767453297791595,0.0001900313173846834,-0.00019486336284599913,-0.0031985941049565074,0.00010177537156276453,0.00017391194191732542,0.00014984347194432009,-0.0002642491363450827,-0.00019486336284599913,0.00014984347194432009
PROP_26,0.003142154671030952,0.0007385738559290372,7.156296415443372e-05,0.0001383364483938748,-9.706983292134591e-05,-4.298188738567768e-05,-6.101120256423377e-05,0.002798835489,0.003142154671030952,0.004464903880043531,-0.003799082962053528,0.0007976036215551873,0.003103500489,0.0012585928838111042,0.0052361554889999995,0.0008552272793371768,0.0035029044553071104,-0.004193743675736344,-0.003996413318894936,0.0007976036215551873,-6.101120256423377e-05,0.002798835489,-4.298188738567768e-05,0.0013738401993750834,-0.00024420991953824227,0.003712830489,0.0007976036215551873,-0.004785734746260569,0.0032624045991230047,0.0007976036215551873,-0.0049830651031019775,-6.101120256423377e-05,-0.00016918709363557022,-0.003996413318894936,-0.003799082962053528,0.003983904167675321,0.004322160489,-0.0002773629847069067,-0.0001900421616777502,0.000902247941631396,0.003983904167675321,-0.00015115777845701414,-0.00013312846327845807,-0.00024420991953824227,0.0008204108987802167,0.004322160489,0.0008476899130639432,0.0016619584882850314,0.0032624045991230047,-0.003996413318894936,0.0007399799637731977,0.003623154383399163,-0.00011509914809990197,0.0033826545272150573,-0.00024420991953824227,0.0001079848646486743,-0.004785734746260569,0.0006840158273615845,0.0009704745949011561,0.0008476899130639432,-0.003799082962053528,0.003142154671030952,-0.00035254543525922635,0.003623154383399163,-0.003996413318894936,0.004626825489,0.005540820489,-0.0002983776773987343,0.004344653951951478,0.0006567368130778579,-0.00577238653046761,7.156296415443372e-05,-6.101120256423377e-05,0.000956805970198849,0.004224404023859426,6.549264740539362e-05,-0.003799082962053528,0.0040174954890000005,-6.101120256423377e-05,-0.003799082962053528
PROP_27,-0.002176001326155925,-0.00045199071222918393,-0.0013568734435732434,-0.002622935694765514,0.0015431634572896855,0.0006833026898548682,0.0009699229456664741,0.0006012559228807776,-0.002176001326155925,-0.0030920300816845926,-0.0009277241985932149,0.004789747264000001,0.0006667051557722475,0.007558067264000001,0.001124849786012537,0.005135787264,-0.0024258273503910167,-0.001024099112743473,-0.000975911655668344,0.004789747264000001,0.0009699229456664741,0.0006012559228807776,0.0006833026898548682,0.008250147264,-0.0005289403153877206,0.0007976036215551873,0.004789747264000001,-0.00116866148396886,-0.0022592766675676224,0.004789747264000001,-0.0012168489410439895,0.0009699229456664741,0.002689644480536109,-0.000975911655668344,-0.0009277241985932149,-0.0027589287160378045,0.0009285020873381272,0.004409366015405743,-0.0004116170265518319,-0.0005521555988904004,-0.0027589287160378045,0.002403024224724503,0.002116403968912897,-0.0005289403153877206,-0.0005020731555597923,0.0009285020873381272,-0.0005187673033366616,0.009980347264000001,-0.0022592766675676224,-0.000975911655668344,0.0044437072640000005,-0.0025091026918027137,0.001829783713101291,-0.0023425520089793194,-0.0005289403153877206,-0.002047452853314482,-0.00116866148396886,-0.0004186024166754452,0.005827867264000001,-0.0005187673033366616,-0.0009277241985932149,-0.002176001326155925,-0.0007635868930594981,-0.0025091026918027137,-0.000975911655668344,0.000993951320229597,0.001190299018904007,-0.0006462636042236094,-0.0030087547402728957,-0.0004019082688985757,-0.0014095987693445056,-0.0013568734435732434,0.0009699229456664741,-0.0005855438944441393,-0.0029254793988611988,-0.001241776875283037,-0.0009277241985932149,0.0008630528544466573,0.0009699229456664741,-0.0009277241985932149
PROP_28,-0.003170828970715769,-0.005801622564555601,0.0017925137774046078,0.0034650603506042594,-0.000919158693413082,-0.0004069974600848417,-0.0005777178711942551,-0.0036076207326077286,-0.003170828970715769,-0.004505649166423168,0.011672922644,-0.0011686614839688603,-0.004000325403825342,-0.0018441102667505387,-0.006749258102348637,-0.0012530925818165699,-0.003534870842272333,0.012885542643999999,0.012279232644,-0.0011686614839688603,-0.0005777178711942551,-0.0036076207326077286,-0.0004069974600848417,-0.0020129724624459583,0.00018875900246111802,-0.00478573474626057,-0.0011686614839688603,0.014704472643999999,-0.0032921762612346237,-0.0011686614839688603,0.015310782644000001,-0.0005777178711942551,-0.001602040337850736,0.012279232644,0.011672922644,-0.00402026000434775,-0.005571144088695796,-0.0026263628045072166,0.00014689071161267555,-0.0070873101924359035,-0.00402026000434775,-0.0014313199267413225,-0.001260599515631909,0.00018875900246111802,-0.006444466378495753,-0.005571144088695796,-0.006658747649809137,-0.0024351279516845073,-0.0032921762612346237,0.012279232644,-0.0010842303861211503,-0.003656218132791187,-0.0010898791045224955,-0.0034135235517534783,0.00018875900246111802,0.0027048119082407813,0.014704472643999999,-0.005373060021928834,-0.0014219547775119897,-0.006658747649809137,0.011672922644,-0.003170828970715769,0.00027249558415800293,-0.003656218132791187,0.012279232644,-0.00596384875991341,-0.00714196277356625,0.0002306272933095605,-0.004384301875904314,-0.00515877875061545,0.017736022644,0.0017925137774046078,-0.0005777178711942551,-0.007515872735062671,-0.004262954585385459,0.0016404640889319123,0.011672922644,-0.005178439417478183,-0.0005777178711942551,0.011672922644
PROP_29,0.017722938800999996,0.0027772305928531853,-0.0020399081994243247,-0.003943291878588595,-0.0009270601397081982,-0.00041049616884553206,-0.0005826841591330875,0.0024592918525514415,0.017722938800999996,0.025183743801,-0.0026134442055958784,-0.002259276667567622,0.002726996101408629,-0.003565065979535962,0.004600925843408944,-0.0024225003315636643,0.019757703801,-0.0028849370278513768,-0.0027491906167236278,-0.002259276667567622,-0.0005826841591330875,0.0024592918525514415,-0.00041049616884553206,-0.003891513307528047,7.859864690699495e-05,0.003262404599123005,-0.002259276667567622,-0.003292176261234624,0.018401193801,-0.002259276667567622,-0.0034279226723623736,-0.0005826841591330875,-0.00161581210085842,-0.0027491906167236278,-0.0026134442055958784,0.022470723800999997,0.0037978130968373803,-0.0026489400425837523,6.1164824063637e-05,0.0033926879021267202,0.022470723800999997,-0.0014436241105708644,-0.001271436120283309,7.859864690699495e-05,0.003084959247489953,0.0037978130968373803,0.003187535465702209,-0.004707631627508259,0.018401193801,-0.0027491906167236278,-0.0020960530035715793,0.020435958801,-0.0010992481299957535,0.019079448800999998,7.859864690699495e-05,-0.003078117478968472,-0.003292176261234624,0.002572078156428674,-0.0027489476595557497,0.003187535465702209,-0.0026134442055958784,0.017722938800999996,0.00011346629259371084,0.020435958801,-0.0027491906167236278,0.004065517345694569,0.004868630092266132,9.60324697503529e-05,0.024505488801,0.0024695019382164176,-0.00397090831687337,-0.0020399081994243247,-0.0005826841591330875,0.0035978403385512323,0.023827233801,-0.0018668733195003004,-0.0026134442055958784,0.003530108847980193,-0.0005826841591330875,-0.0026134442055958784
PROP_30,-0.002176001326155925,-0.00045199071222918393,-0.0013568734435732434,-0.002622935694765514,0.0015431634572896855,0.0006833026898548682,0.0009699229456664741,0.0006012559228807776,-0.002176001326155925,-0.0030920300816845926,-0.0009277241985932149,0.004789747264000001,0.0006667051557722475,0.007558067264000001,0.001124849786012537,0.005135787264,-0.0024258273503910167,-0.001024099112743473,-0.000975911655668344,0.004789747264000001,0.0009699229456664741,0.0006012559228807776,0.0006833026898548682,0.008250147264,-0.0005289403153877206,0.0007976036215551873,0.004789747264000001,-0.00116866148396886,-0.0022592766675676224,0.004789747264000001,-0.0012168489410439895,0.0009699229456664741,0.002689644480536109,-0.000975911655668344,-0.0009277241985932149,-0.0027589287160378045,0.0009285020873381272,0.004409366015405743,-0.0004116170265518319,-0.0005521555988904004,-0.0027589287160378045,0.002403024224724503,0.002116403968912897,-0.0005289403153877206,-0.0005020731555597923,0.0009285020873381272,-0.0005187673033366616,0.009980347264000001,-0.0022592766675676224,-0.000975911655668344,0.0044437072640000005,-0.0025091026918027137,0.001829783713101291,-0.0023425520089793194,-0.0005289403153877206,-0.002047452853314482,-0.00116866148396886,-0.0004186024166754452,0.005827867264000001,-0.0005187673033366616,-0.0009277241985932149,-0.002176001326155925,-0.0007635868930594981,-0.0025091026918027137,-0.000975911655668344,0.000993951320229597,0.001190299018904007,-0.0006462636042236094,-0.0030087547402728957,-0.0004019082688985757,-0.0014095987693445056,-0.0013568734435732434,0.0009699229456664741,-0.0005855438944441393,-0.0029254793988611988,-0.001241776875283037,-0.0009277241985932149,0.0008630528544466573,0.0009699229456664741,-0.0009277241985932149
PROP_31,-0.0033015718650567737,-0.006040841056933906,0.0018664245564369766,0.003607935297026233,-0.000957058393789667,-0.00042377919962751975,-0.0006015389310149022,-0.0037563738759093294,-0.0033015718650567737,-0.0046914307454183676,0.012154232644000002,-0.0012168489410439895,-0.004165270951640212,-0.0019201485255105188,-0.007027550481756393,-0.0013047613891023055,-0.0036806242869735725,0.013416852644,0.012785542644000001,-0.0012168489410439895,-0.0006015389310149022,-0.0037563738759093294,-0.00042377919962751975,-0.0020959734216271513,0.0001965421085644776,-0.004983065103101978,-0.0012168489410439895,0.015310782644000001,-0.003427922672362373,-0.0012168489410439895,0.015942092644000004,-0.0006015389310149022,-0.001668097319339197,0.012785542644000001,0.012154232644000002,-0.00418602751619597,-0.005800859254563744,-0.0027346557076634915,0.0001529474611142785,-0.007379541484697119,-0.00418602751619597,-0.0014903375879518144,-0.001312577856564432,0.0001965421085644776,-0.006710191270815513,-0.005800859254563744,-0.006933308008776049,-0.0025355356619187323,-0.003427922672362373,0.012785542644000001,-0.0011289364929856732,-0.003806975094279172,-0.0011348181251770494,-0.003554273479667973,0.0001965421085644776,0.0028163395058492984,0.015310782644000001,-0.0055946075810128365,-0.001480586285218938,-0.006933308008776049,0.012154232644000002,-0.0033015718650567737,0.00028373140346487583,-0.003806975094279172,0.012785542644000001,-0.006209756330294627,-0.0074364475574872765,0.00024013675601467673,-0.0045650799381127686,-0.0053714908430522994,0.018467332644000002,0.0018664245564369766,-0.0006015389310149022,-0.007825774960618192,-0.004438729130807169,0.0017081053982015897,0.012154232644000002,-0.005391962178832862,-0.0006015389310149022,0.012154232644000002
PROP_32,-0.0005612068327907426,0.0008774786238457219,-0.0004287269129591657,-0.0008287605072038704,0.00045548640000000004,0.00020168640000000002,0.00028628640000000004,-4.599195128063528e-05,-0.0005612068327907426,-0.0007974574225565373,-0.0004586125720910211,0.0009699229456664741,-5.0998368375168106e-05,0.0015305072397749436,-8.60432880368979e-05,0.0010399959824300327,-0.0006256388118177775,-0.0005062546917323147,-0.00048243363191166795,0.0009699229456664741,0.00028628640000000004,-4.599195128063528e-05,0.00020168640000000002,0.0016706533133020608,-0.00019486336284599913,-6.101120256423377e-05,0.0009699229456664741,-0.0005777178711942552,-0.0005826841591330875,0.0009699229456664741,-0.0006015389310149021,0.00028628640000000004,0.0007938864000000001,-0.00048243363191166795,-0.0004586125720910211,-0.0007115481171871573,-7.102403675329942e-05,0.0013014864,-0.00015164107492877813,0.001071935156971519,-0.0007115481171871573,0.0007092864,0.0006246864000000001,-0.00019486336284599913,0.0009747068904086206,-7.102403675329942e-05,0.0010071163125962535,0.0020210184971198543,-0.0005826841591330875,-0.00048243363191166795,0.0008998499089029153,-0.0006471161381601225,0.0005400864,-0.0006041614854754325,-0.00019486336284599913,-0.0006469270552744592,-0.0005777178711942552,0.0008126597794704564,0.00118014205595715,0.0010071163125962535,-0.0004586125720910211,-0.0005612068327907426,-0.0002813079386804411,-0.0006471161381601225,-0.00048243363191166795,-7.603045384783224e-05,-9.104970513143073e-05,-0.00023808565076322013,-0.0007759800962141923,0.0007802503572828234,-0.0006968231702974894,-0.0004287269129591657,0.00028628640000000004,0.001136754001346785,-0.0007545027698718474,-0.0003923602225732835,-0.0004586125720910211,-6.60176196587666e-05,0.00028628640000000004,-0.0004586125720910211
PROP_33,-0.0015562544086608534,0.002433291786692747,-0.0011888810139505943,-0.0022981940306149883,0.0012630864,0.0005592864,0.0007938864000000001,-0.0001275379641895631,-0.0015562544086608534,-0.0022113890228340856,-0.0012717554304084342,0.002689644480536109,-0.00014142100733823213,0.004244172558524844,-0.00023860230937891545,0.0028839604902847005,-0.0017349274852535533,-0.001403869393385355,-0.0013378124118968947,0.002689644480536109,0.0007938864000000001,-0.0001275379641895631,0.0005592864,0.004632804578022027,-0.0005403657792396146,-0.00016918709363557022,0.002689644480536109,-0.001602040337850736,-0.00161581210085842,0.002689644480536109,-0.0016680973193391967,0.0007938864000000001,0.0022014864000000005,-0.0013378124118968947,-0.0012717554304084342,-0.0019731582540438194,-0.00019695317993290832,0.0036090864,-0.00042050822905781736,0.0029725294069210214,-0.0019731582540438194,0.0019668864000000003,0.0017322864000000001,-0.0005403657792396146,0.0027029105968068845,-0.00019695317993290832,0.002792783533511597,0.005604384626764987,-0.00161581210085842,-0.0013378124118968947,0.002495328470787517,-0.0017944851774511197,0.0014976864,-0.0016753697930559867,-0.0005403657792396146,-0.0017939608412220818,-0.001602040337850736,0.0022535459132833227,0.003272592509781884,0.002792783533511597,-0.0012717554304084342,-0.0015562544086608534,-0.0007800808796032091,-0.0017944851774511197,-0.0013378124118968947,-0.00021083622308157738,-0.00025248535252758454,-0.0006602233294214118,-0.002151831330636519,0.00216367297657861,-0.001932325245293038,-0.0011888810139505943,0.0007938864000000001,0.0031522752803304463,-0.0020922736384389527,-0.001088034376072013,-0.0012717554304084342,-0.00018307013678423928,0.0007938864000000001,-0.0012717554304084342
PROP_34,-0.002647857393351753,-0.004844748595042382,0.0014968706612751349,0.002893560564916367,-0.0007675598919067435,-0.00033987050191413014,-0.00048243363191166795,-0.0030126081594013276,-0.002647857393351753,-0.0037625228504423723,0.009747682644,-0.000975911655668344,-0.003340543212565864,-0.0015399572317106188,-0.005636088584717616,-0.0010464173526736284,-0.0029518570634673768,0.010760302644,0.010253992644,-0.000975911655668344,-0.00048243363191166795,-0.0030126081594013276,-0.00033987050191413014,-0.0016809686257211875,0.0001576265780476797,-0.003996413318894936,-0.000975911655668344,0.012279232644,-0.0027491906167236273,-0.000975911655668344,0.012785542644000001,-0.00048243363191166795,-0.0013378124118968947,0.010253992644,0.009747682644,-0.0033571899569548743,-0.004652283425224008,-0.0021931911918821215,0.00012266371360626372,-0.005918385023391042,-0.0033571899569548743,-0.001195249281899357,-0.0010526861519018192,0.0001576265780476797,-0.005381566809216712,-0.004652283425224008,-0.0055605062139414884,-0.0020334971107476094,-0.0027491906167236273,0.010253992644,-0.0009054059586630597,-0.003053190286839251,-0.0009101230219042812,-0.002850523840095502,0.0001576265780476797,0.002258701517806716,0.012279232644,-0.00448686978559283,-0.0011874287466841972,-0.0055605062139414884,0.009747682644,-0.002647857393351753,0.0002275523069305116,-0.003053190286839251,0.010253992644,-0.004980218478388545,-0.005964023637882153,0.00019258944248909564,-0.0036611896270704975,-0.004307930380868052,0.014810782644,0.0014968706612751349,-0.00048243363191166795,-0.006276263832840595,-0.0035598564036986233,0.0013698988518532048,0.009747682644,-0.004324348372059472,-0.00048243363191166795,0.009747682644
PROP_35,-0.0025171144990107485,-0.004605530102664077,0.0014229598822427666,0.002750685618494394,-0.0007296601915301588,-0.0003230887623714522,-0.0004586125720910211,-0.0028638550160997277,-0.0025171144990107485,-0.0035767412714471725,0.009266372644,-0.0009277241985932149,-0.0031755976647509943,-0.0014639189729506387,-0.005357796205309862,-0.0009947485453878928,-0.0028061036187661367,0.010228992644,0.009747682644,-0.0009277241985932149,-0.0004586125720910211,-0.0028638550160997277,-0.0003230887623714522,-0.0015979676665399947,0.0001498434719443201,-0.003799082962053528,-0.0009277241985932149,0.011672922644,-0.002613444205595878,-0.0009277241985932149,0.012154232644000002,-0.0004586125720910211,-0.0012717554304084344,0.009747682644,0.009266372644,-0.0031914224451066544,-0.004422568259356061,-0.0020848982887258474,0.00011660696410466077,-0.005626153731129826,-0.0031914224451066544,-0.0011362316206888655,-0.0010007078109692967,0.0001498434719443201,-0.005115841916896952,-0.004422568259356061,-0.005285945854974577,-0.0019330894005133849,-0.002613444205595878,0.009747682644,-0.0008606998517985369,-0.0029024333253512666,-0.0008651840012497276,-0.0027097739121810073,0.0001498434719443201,0.0021471739201982,0.011672922644,-0.0042653222265088275,-0.001128797238977249,-0.005285945854974577,0.009266372644,-0.0025171144990107485,0.00021631648762363877,-0.0029024333253512666,0.009747682644,-0.0047343109080073284,-0.005669538853961128,0.00018307997978397943,-0.003480411564862043,-0.004095218288431202,0.014079472644,0.0014229598822427666,-0.0004586125720910211,-0.005966361607285075,-0.0033840818582769132,0.0013022575425835278,0.009266372644,-0.004110825610704795,-0.0004586125720910211,0.009266372644
PROP_36,0.021642468800999997,0.0033914311353157953,-0.002491045647601852,-0.004815373590906659,-0.0011320848294727112,-0.0005012797610443804,-0.0007115481171871573,0.0030031784112686147,0.021642468800999997,0.030753273801,-0.0031914224451066544,-0.0027589287160378045,0.0033300869967375166,-0.00435350085569669,0.00561844709501983,-0.0029582502334951646,0.024127233801,-0.0035229574688030924,-0.003357189956954874,-0.0027589287160378045,-0.0007115481171871573,0.0030031784112686147,-0.0005012797610443804,-0.004752143890611411,9.598119039882213e-05,0.003983904167675321,-0.0027589287160378045,-0.00402026000434775,0.022470723800999997,-0.0027589287160378045,-0.00418602751619597,-0.0007115481171871573,-0.0019731582540438194,-0.003357189956954874,-0.0031914224451066544,0.027440253800999997,0.0046377213386131245,-0.003234768390900481,7.469177721480515e-05,0.004143000373570363,0.027440253800999997,-0.0017628898979010423,-0.0015526215417582653,9.598119039882213e-05,0.0037672157544430796,0.0046377213386131245,0.0038924772941521745,-0.005748751477898215,0.022470723800999997,-0.003357189956954874,-0.0025596071985804435,0.024955488801,-0.0013423531856154882,0.023298978801,9.598119039882213e-05,-0.003758860889404474,-0.00402026000434775,0.0031409080558976064,-0.0033568932684098864,0.0038924772941521745,-0.0031914224451066544,0.021642468800999997,0.00013856001676685608,0.024955488801,-0.003357189956954874,0.004964629924082027,0.0059453556804887325,0.0001172706035828391,0.029925018801,0.0030156465161885115,-0.004849097563588846,-0.002491045647601852,-0.0007115481171871573,0.004393523452988553,0.029096763801,-0.002279743107301415,-0.0031914224451066544,0.004310812753144223,-0.0007115481171871573,-0.0031914224451066544
PROP_37,0.0036578283898747563,0.0008597846704185645,8.33074973555618e-05,0.00016103949081651523,-0.00011300041781316904,-5.00358462233646e-05,-7.102403675329942e-05,0.003258165489,0.0036578283898747563,0.0051976601664636204,-0.004422568259356062,0.0009285020873381271,0.003612830489,0.001465146456392645,0.006095485489,0.0009955826334699417,0.004077782510762629,-0.004881998591091955,-0.004652283425224009,0.0009285020873381271,-7.102403675329942e-05,0.003258165489,-5.00358462233646e-05,0.0015993075486562744,-0.00028428835315192323,0.004322160489,0.0009285020873381271,-0.005571144088695796,0.0037978130968373803,0.0009285020873381271,-0.005800859254563744,-7.102403675329942e-05,-0.00019695317993290832,-0.004652283425224009,-0.004422568259356062,0.004637721338613124,0.005031490489,-0.00032288232311251724,-0.00022123087086287982,0.0010503200768670474,0.004637721338613124,-0.0001759649894029735,-0.00015497679887303869,-0.00028428835315192323,0.0009550523736428061,0.005031490489,0.0009868082747175532,0.0019347102793153483,0.0037978130968373803,-0.004652283425224009,0.0008614215412063123,0.004217767217725253,-0.00013398860834310384,0.003937797803800005,-0.00028428835315192323,0.00012570676651608184,-0.005571144088695796,0.0007962728682690702,0.0011297437257335714,0.0009868082747175532,-0.004422568259356062,0.0036578283898747563,-0.00041040331773001,0.004217767217725253,-0.004652283425224009,0.0053861554889999995,0.006450150488999999,-0.0003473458354409666,0.0050576754595009965,0.000764516967194323,-0.006719719918035531,8.33074973555618e-05,-7.102403675329942e-05,0.0011138318790165419,0.0049176907525383725,7.624095249547513e-05,-0.004422568259356062,0.004676825489,-7.102403675329942e-05,-0.004422568259356062
PROP_38,-0.0025513019845309643,0.003989104949539772,-0.0019490351149420227,-0.0037676275540261058,0.0020706864,0.0009168864,0.0013014864,-0.0002090839770984909,-0.0025513019845309643,-0.003625320623111634,-0.0020848982887258474,0.004409366015405743,-0.00023184364630129617,0.006957837877274742,-0.00039116133072093307,0.004727924998139368,-0.0028442161586893287,-0.002301484095038395,-0.0021931911918821215,0.004409366015405743,0.0013014864,-0.0002090839770984909,0.0009168864,0.007594955842741992,-0.00088586819563323,-0.0002773629847069067,0.004409366015405743,-0.0026263628045072166,-0.0026489400425837523,0.004409366015405743,-0.002734655707663491,0.0013014864,0.0036090864,-0.0021931911918821215,-0.0020848982887258474,-0.003234768390900481,-0.00032288232311251724,0.0059166864,-0.0006893753831868566,0.004873123656870523,-0.003234768390900481,0.0032244864,0.0028398864000000004,-0.00088586819563323,0.0044311143032051475,-0.00032288232311251724,0.00457845075442694,0.009187750756410117,-0.0026489400425837523,-0.0021931911918821215,0.004090807032672118,-0.002941854216742117,0.0024552864,-0.0027465781006365407,-0.00088586819563323,-0.0029409946271697044,-0.0026263628045072166,0.0036944320470961886,0.005365042963606618,0.00457845075442694,-0.0020848982887258474,-0.0025513019845309643,-0.0012788538205259772,-0.002941854216742117,-0.0021931911918821215,-0.0003456419923153225,-0.00041392099992373834,-0.0010823610080796036,-0.003527682565058846,0.003547095595874396,-0.0031678273202885862,-0.0019490351149420227,0.0013014864,0.005167796559314108,-0.0034300445070060575,-0.0017837085295707427,-0.0020848982887258474,-0.000300122653909712,0.0013014864,-0.0020848982887258474
PROP_39,5.891033187177565e-05,-0.0019213914225966451,0.00014788081667829457,0.00028586444408191153,-0.00024126345963845785,-0.00010682988257393825,-0.00015164107492877813,-0.0001432590979000558,5.891033187177565e-05,8.370974598225059e-05,0.00011660696410466076,-0.0004116170265518319,-0.0001588534524926206,-0.0006495184405801707,-0.0002680139346405742,-0.0004413547033053742,6.567380844735972e-05,0.00012872046310786667,0.00012266371360626372,-0.0004116170265518319,-0.00015164107492877813,-0.0001432590979000558,-0.00010682988257393825,-0.0007089937940872554,0.00039543176399999994,-0.0001900421616777502,-0.0004116170265518319,0.00014689071161267555,6.1164824063637e-05,-0.0004116170265518319,0.00015294746111427853,-0.00015164107492877813,-0.00042050822905781736,0.00012266371360626372,0.00011660696410466076,7.469177721480515e-05,-0.0002212308708628798,-0.0006893753831868566,0.00030772176399999993,-0.0023471876809468407,7.469177721480515e-05,-0.00037569703670297744,-0.00033088584434813763,0.00039543176399999994,-0.002134289551771743,-0.0002212308708628798,-0.002205255594830109,-0.0008576821778549672,6.1164824063637e-05,0.00012266371360626372,-0.0003818793497982895,6.792830063922108e-05,-0.0002860746519932977,6.341931625549836e-05,0.00039543176399999994,0.0002231446134439038,0.00014689071161267555,-0.0017794593364799135,-0.000500830056812459,-0.002205255594830109,0.00011660696410466076,5.891033187177565e-05,0.000570851764,6.792830063922108e-05,0.00012266371360626372,-0.00023682522545544462,-0.00028360828923313904,0.00048314176399999996,8.145525379038923e-05,-0.0017084932934215474,0.00017717445912069033,0.00014788081667829457,-0.00015164107492877813,-0.0024891197670635725,7.920076159852787e-05,0.00013533685055069303,0.00011660696410466076,-0.00020563651627031503,-0.00015164107492877813,0.00011660696410466076
PROP_40,0.0032676358235527794,0.022387339875999997,-0.0019215165740982094,-0.003714432200112316,0.0017054665736213532,0.0007551694486466022,0.0010719351569715193,0.0006801397387779186,0.0032676358235527794,0.004643208687866125,-0.005626153731129826,-0.0005521555988904005,0.0007541758063957444,-0.0008712837915215416,0.0012724282797205249,-0.0005920466229692931,0.0036427920592746015,-0.0062106163156522565,-0.005918385023391042,-0.0005521555988904005,0.0010719351569715193,0.0006801397387779186,0.0007551694486466022,-0.0009510658396793268,-0.003016207086073634,0.000902247941631396,-0.0005521555988904005,-0.0070873101924359035,0.0033926879021267202,-0.0005521555988904005,-0.00737954148469712,0.0010719351569715193,0.0029725294069210214,-0.005918385023391042,-0.005626153731129826,0.004143000373570363,0.0010503200768670474,0.004873123656870523,-0.0023471876809468407,0.027348559875999996,0.004143000373570363,0.0026557636985961044,0.0023389979902711873,-0.003016207086073634,0.024867949876,0.0010503200768670474,0.025694819876000002,-0.0011505209600737901,0.0033926879021267202,-0.005918385023391042,-0.0005122645748115078,0.003767844137848542,0.0020222322819462703,0.0035177399807006606,-0.003016207086073634,-0.0028994705519240858,-0.0070873101924359035,0.020733599876,-0.0006718286711270784,0.025694819876000002,-0.005626153731129826,0.0032676358235527794,-0.00435424589632722,0.003767844137848542,-0.005918385023391042,0.0011243561444848735,0.001346464347338351,-0.003685226491200427,0.004518156609292185,0.019906729876,-0.008548466653741982,-0.0019215165740982094,0.0010719351569715193,0.029002299876,0.004393104530718245,-0.0017585242444605634,-0.005626153731129826,0.0009762840092492218,0.0010719351569715193,-0.005626153731129826
PROP_41,0.021642468800999997,0.0033914311353157953,-0.002491045647601852,-0.004815373590906659,-0.0011320848294727112,-0.0005012797610443804,-0.0007115481171871573,0.0030031784112686147,0.021642468800999997,0.030753273801,-0.0031914224451066544,-0.0027589287160378045,0.0033300869967375166,-0.00435350085569669,0.00561844709501983,-0.0029582502334951646,0.024127233801,-0.0035229574688030924,-0.003357189956954874,-0.0027589287160378045,-0.0007115481171871573,0.0030031784112686147,-0.0005012797610443804,-0.004752143890611411,9.598119039882213e-05,0.003983904167675321,-0.0027589287160378045,-0.00402026000434775,0.022470723800999997,-0.0027589287160378045,-0.00418602751619597,-0.0007115481171871573,-0.0019731582540438194,-0.003357189956954874,-0.0031914224451066544,0.027440253800999997,0.0046377213386131245,-0.003234768390900481,7.469177721480515e-05,0.004143000373570363,0.027440253800999997,-0.0017628898979010423,-0.0015526215417582653,9.598119039882213e-05,0.0037672157544430796,0.0046377213386131245,0.0038924772941521745,-0.005748751477898215,0.022470723800999997,-0.003357189956954874,-0.0025596071985804435,0.024955488801,-0.0013423531856154882,0.023298978801,9.598119039882213e-05,-0.003758860889404474,-0.00402026000434775,0.0031409080558976064,-0.0033568932684098864,0.0038924772941521745,-0.0031914224451066544,0.021642468800999997,0.00013856001676685608,0.024955488801,-0.003357189956954874,0.004964629924082027,0.0059453556804887325,0.0001172706035828391,0.029925018801,0.0030156465161885115,-0.004849097563588846,-0.002491045647601852,-0.0007115481171871573,0.004393523452988553,0.029096763801,-0.002279743107301415,-0.0031914224451066544,0.004310812753144223,-0.0007115481171871573,-0.0031914224451066544
PROP_42,-0.0013904131460158347,0.0021739895928849094,-0.001062188663785356,-0.0020532884433798015,0.0011284863999999999,0.0004996864,0.0007092864,-0.00011394696203807512,-0.0013904131460158347,-0.001975733756121161,-0.0011362316206888655,0.002403024224724503,-0.0001263505675110548,0.0037918950053998594,-0.00021317580582191252,0.002576633072308922,-0.0015500460396809237,-0.0012542669431098482,-0.001195249281899357,0.002403024224724503,0.0007092864,-0.00011394696203807512,0.0004996864,0.004139112700568699,-0.000482782043174012,-0.00015115777845701414,0.002403024224724503,-0.0014313199267413225,-0.0014436241105708644,0.002403024224724503,-0.0014903375879518142,0.0007092864,0.0019668864000000003,-0.001195249281899357,-0.0011362316206888655,-0.001762889897901042,-0.0001759649894029735,0.0032244864,-0.0003756970367029775,0.002655763698596104,-0.001762889897901042,0.0017572864,0.0015476864,-0.000482782043174012,0.002414876645740507,-0.0001759649894029735,0.0024951723300257063,0.005007156938490797,-0.0014436241105708644,-0.001195249281899357,0.002229415377140083,-0.0016032570042359535,0.0013380863999999998,-0.0014968350751258942,-0.000482782043174012,-0.0016027885435641444,-0.0014313199267413225,0.0020133982243145114,0.002923850767477762,0.0024951723300257063,-0.0011362316206888655,-0.0013904131460158347,-0.0006969520561160811,-0.0016032570042359535,-0.001195249281899357,-0.0001883685948759532,-0.00022557941129489222,-0.0005898670496450465,-0.001922522791566131,0.001933102540029312,-0.0017264082327937797,-0.001062188663785356,0.0007092864,0.0028163550671665024,-0.0018693118270111015,-0.0009720886838222247,-0.0011362316206888655,-0.00016356138392999384,0.0007092864,-0.0011362316206888655
PROP_43,-0.0012245718833708164,0.0019146873990770717,-0.000935496313620118,-0.0018083828561446154,0.0009938864,0.00044008640000000004,0.0006246864000000001,-0.00010035595988658715,-0.0012245718833708164,-0.0017400784894082363,-0.0010007078109692967,0.002116403968912897,-0.00011128012768387745,0.0033396174522748764,-0.0001877493022649096,0.002269305654333144,-0.0013651645941082946,-0.0011046644928343417,-0.0010526861519018192,0.002116403968912897,0.0006246864000000001,-0.00010035595988658715,0.00044008640000000004,0.0036454208231153713,-0.0004251983071084094,-0.00013312846327845807,0.002116403968912897,-0.0012605995156319092,-0.001271436120283309,0.002116403968912897,-0.001312577856564432,0.0006246864000000001,0.0017322864000000001,-0.0010526861519018192,-0.0010007078109692967,-0.0015526215417582653,-0.00015497679887303869,0.0028398864000000004,-0.0003308858443481376,0.002338997990271187,-0.0015526215417582653,0.0015476864,0.0013630864,-0.0004251983071084094,0.0021268426946741297,-0.00015497679887303869,0.0021975611265398157,0.004409929250216609,-0.001271436120283309,-0.0010526861519018192,0.0019635022834926497,-0.0014120288310207874,0.0011784864,-0.001318300357195802,-0.0004251983071084094,-0.0014116162459062074,-0.0012605995156319092,0.0017732505353457004,0.0025751090251736396,0.0021975611265398157,-0.0010007078109692967,-0.0012245718833708164,-0.0006138232326289531,-0.0014120288310207874,-0.0010526861519018192,-0.000165900966670329,-0.00019867347006219993,-0.0005195107698686812,-0.0016932142524957435,0.0017025321034800141,-0.0015204912202945219,-0.000935496313620118,0.0006246864000000001,0.002480434854002559,-0.0016463500155832508,-0.0008561429915724364,-0.0010007078109692967,-0.0001440526310757484,0.0006246864000000001,-0.0010007078109692967
PROP_44,7.570155632502375e-05,-0.002469046029425013,0.0001900313173846834,0.0003673444475256214,-0.0003100308349772043,-0.00013727962678039654,-0.00019486336284599913,-0.0001840922691177208,7.570155632502375e-05,0.00010756955272670693,0.00014984347194432009,-0.0005289403153877207,-0.00020413148592456125,-0.0008346508201777568,-0.00034440600357244465,-0.0005671541284864751,8.439282807093736e-05,0.00016540968415103925,0.0001576265780476797,-0.0005289403153877207,-0.00019486336284599913,-0.0001840922691177208,-0.00013727962678039654,-0.0009110784463752658,0.000508141764,-0.0002442099195382422,-0.0005289403153877207,0.00018875900246111802,7.859864690699495e-05,-0.0005289403153877207,0.00019654210856447763,-0.00019486336284599913,-0.0005403657792396146,0.0001576265780476797,0.00014984347194432009,9.598119039882214e-05,-0.0002842883531519232,-0.00088586819563323,0.00039543176399999994,-0.003016207086073634,9.598119039882214e-05,-0.00048278204317401196,-0.00042519830710840945,0.000508141764,-0.0027426265577493235,-0.0002842883531519232,-0.0028338200671907607,-0.0011021475118690386,7.859864690699495e-05,0.0001576265780476797,-0.0004907265022889661,8.728991865290856e-05,-0.0003676145710428068,8.149573748896615e-05,0.000508141764,0.0002867475701888314,0.00018875900246111802,-0.0022866590105421396,-0.0006435817546839843,-0.0028338200671907607,0.00014984347194432009,7.570155632502375e-05,0.0007335617640000001,8.728991865290856e-05,0.0001576265780476797,-0.0003043275699587637,-0.0003644452203792851,0.000620851764,0.00010467246214473573,-0.0021954655011007028,0.00022767453297791595,0.0001900313173846834,-0.00019486336284599913,-0.0031985941049565074,0.00010177537156276453,0.00017391194191732542,0.00014984347194432009,-0.0002642491363450827,-0.00019486336284599913,0.00014984347194432009
PROP_45,0.002971249829664432,0.020356729876,-0.0017472283025955963,-0.003377520212728056,0.0015507747925413752,0.0006866729393422434,0.0009747068904086207,0.0006184486864863324,0.002971249829664432,0.004222053425745165,-0.005115841916896952,-0.0005020731555597923,0.0006857694239176272,-0.000792255305345824,0.0011570145859366903,-0.0005383459242830461,0.0033123780831409953,-0.005647291701536472,-0.005381566809216713,-0.0005020731555597923,0.0009747068904086207,0.0006184486864863324,0.0006866729393422434,-0.0008648008427923319,-0.002742626557749324,0.0008204108987802166,-0.0005020731555597923,-0.006444466378495752,0.003084959247489953,-0.0005020731555597923,-0.006710191270815514,0.0009747068904086207,0.0027029105968068845,-0.005381566809216713,-0.005115841916896952,0.0037672157544430796,0.0009550523736428061,0.0044311143032051475,-0.002134289551771743,0.024867949876,0.0037672157544430796,0.002414876645740507,0.0021268426946741297,-0.002742626557749324,0.022612339876000004,0.0009550523736428061,0.023364209876000002,-0.0010461646864086019,0.003084959247489953,-0.005381566809216713,-0.0004658003868365382,0.003426087500966517,0.0018388087436077521,0.003198668665315474,-0.002742626557749324,-0.0026364784353951195,-0.006444466378495752,0.018852989876000002,-0.0006108914617295541,0.023364209876000002,-0.005115841916896952,0.002971249829664432,-0.003959300569704485,0.003426087500966517,-0.005381566809216713,0.001022373111074101,0.0012243353233679852,-0.0033509635637269043,0.004108344007919643,0.018101119876,-0.0077730908400945545,-0.0017472283025955963,0.0009747068904086207,0.026371689876000002,0.003994634590094122,-0.0015990199471290093,-0.005115841916896952,0.0008877316362115114,0.0009747068904086207,-0.005115841916896952
PROP_46,0.0036578283898747563,0.0008597846704185645,8.33074973555618e-05,0.00016103949081651523,-0.00011300041781316904,-5.00358462233646e-05,-7.102403675329942e-05,0.003258165489,0.0036578283898747563,0.0051976601664636204,-0.004422568259356062,0.0009285020873381271,0.003612830489,0.001465146456392645,0.006095485489,0.0009955826334699417,0.004077782510762629,-0.004881998591091955,-0.004652283425224009,0.0009285020873381271,-7.102403675329942e-05,0.003258165489,-5.00358462233646e-05,0.0015993075486562744,-0.00028428835315192323,0.004322160489,0.0009285020873381271,-0.005571144088695796,0.0037978130968373803,0.0009285020873381271,-0.005800859254563744,-7.102403675329942e-05,-0.00019695317993290832,-0.004652283425224009,-0.004422568259356062,0.004637721338613124,0.005031490489,-0.00032288232311251724,-0.00022123087086287982,0.0010503200768670474,0.004637721338613124,-0.0001759649894029735,-0.00015497679887303869,-0.00028428835315192323,0.0009550523736428061,0.005031490489,0.0009868082747175532,0.0019347102793153483,0.0037978130968373803,-0.004652283425224009,0.0008614215412063123,0.004217767217725253,-0.00013398860834310384,0.003937797803800005,-0.00028428835315192323,0.00012570676651608184,-0.005571144088695796,0.0007962728682690702,0.0011297437257335714,0.0009868082747175532,-0.004422568259356062,0.0036578283898747563,-0.00041040331773001,0.004217767217725253,-0.004652283425224009,0.0053861554889999995,0.006450150488999999,-0.0003473458354409666,0.0050576754595009965,0.000764516967194323,-0.006719719918035531,8.33074973555618e-05,-7.102403675329942e-05,0.0011138318790165419,0.0049176907525383725,7.624095249547513e-05,-0.004422568259356062,0.004676825489,-7.102403675329942e-05,-0.004422568259356062
PROP_47,0.003070045160960548,0.021033599876000002,-0.0018053243930964673,-0.003489824208522809,0.0016023387195680345,0.000709505109110363,0.0010071163125962535,0.0006390123705835278,0.003070045160960548,0.004362438513118819,-0.005285945854974577,-0.0005187673033366617,0.0007085715514103329,-0.0008185981340710633,0.0011954858171979686,-0.0005562461571784618,0.003422516075185531,-0.0058350665729084,-0.005560506213941489,-0.0005187673033366617,0.0010071163125962535,0.0006390123705835278,0.000709505109110363,-0.0008935558417546637,-0.0028338200671907607,0.0008476899130639431,-0.0005187673033366617,-0.006658747649809137,0.003187535465702209,-0.0005187673033366617,-0.006933308008776049,0.0010071163125962535,0.002792783533511597,-0.005560506213941489,-0.005285945854974577,0.0038924772941521745,0.0009868082747175532,0.00457845075442694,-0.002205255594830109,0.025694819876000002,0.0038924772941521745,0.002495172330025706,0.0021975611265398157,-0.0028338200671907607,0.023364209876000002,0.0009868082747175532,0.024141079876000004,-0.0010809501109636647,0.003187535465702209,-0.005560506213941489,-0.0004812884494948615,0.003540006379927192,0.001899949923053925,0.0033050257704438702,-0.0028338200671907607,-0.002724142474238108,-0.006658747649809137,0.019479859876000004,-0.0006312038648620623,0.024141079876000004,-0.005285945854974577,0.003070045160960548,-0.004090949011912063,0.003540006379927192,-0.005560506213941489,0.0010563674555443584,0.0012650449980247738,-0.003462384539551412,0.004244948208377158,0.018702989876,-0.008031549444643698,-0.0018053243930964673,0.0010071163125962535,0.027248559876000004,0.0041274579036354965,-0.0016521880462395274,-0.005285945854974577,0.0009172490938907483,0.0010071163125962535,-0.005285945854974577
PROP_48,-0.0045341116524432665,-0.0009418084127434135,-0.002827303282146721,-0.00546538421382998,0.0032154738736682315,0.0014237908088456657,0.0020210184971198543,0.0012528308017395557,-0.0045341116524432665,-0.006442831378158185,-0.0019330894005133849,0.009980347264000001,0.0013892066972547143,0.015748667264,0.002343837965860824,0.010701387264,-0.005054671577638245,-0.002133904820981834,-0.0020334971107476094,0.009980347264000001,0.0020210184971198543,0.0012528308017395557,0.0014237908088456657,0.017190747263999998,-0.0011021475118690386,0.0016619584882850316,0.009980347264000001,-0.0024351279516845073,-0.004707631627508259,0.009980347264000001,-0.0025355356619187323,0.0020210184971198543,0.005604384626764986,-0.0020334971107476094,-0.0019330894005133849,-0.005748751477898214,0.0019347102793153485,0.009187750756410117,-0.0008576821778549673,-0.0011505209600737901,-0.005748751477898214,0.005007156938490797,0.004409929250216609,-0.0011021475118690386,-0.0010461646864086019,0.0019347102793153485,-0.0010809501109636647,0.020795947264,-0.004707631627508259,-0.0020334971107476094,0.009259307264,-0.005228191552703237,0.0038127015619424196,-0.004881151602573252,-0.0011021475118690386,-0.004266256517610317,-0.0024351279516845073,-0.000872237563633288,0.012143467264,-0.0010809501109636647,-0.0019330894005133849,-0.0045341116524432665,-0.001591078179897181,-0.005228191552703237,-0.0020334971107476094,0.002071086174830507,0.002480213861375983,-0.0013466128458831097,-0.006269311403093192,-0.0008374521390782252,-0.0029371665028556306,-0.002827303282146721,0.0020210184971198543,-0.0012200918091839156,-0.006095791428028199,-0.0025874777429027887,-0.0019330894005133849,0.0017983343838001902,0.0020210184971198543,-0.0019330894005133849
PROP_49,0.017722938800999996,0.0027772305928531853,-0.0020399081994243247,-0.003943291878588595,-0.0009270601397081982,-0.00041049616884553206,-0.0005826841591330875,0.0024592918525514415,0.017722938800999996,0.025183743801,-0.0026134442055958784,-0.002259276667567622,0.002726996101408629,-0.003565065979535962,0.004600925843408944,-0.0024225003315636643,0.019757703801,-0.0028849370278513768,-0.0027491906167236278,-0.002259276667567622,-0.0005826841591330875,0.0024592918525514415,-0.00041049616884553206,-0.003891513307528047,7.859864690699495e-05,0.003262404599123005,-0.002259276667567622,-0.003292176261234624,0.018401193801,-0.002259276667567622,-0.0034279226723623736,-0.0005826841591330875,-0.00161581210085842,-0.0027491906167236278,-0.0026134442055958784,0.022470723800999997,0.0037978130968373803,-0.0026489400425837523,6.1164824063637e-05,0.0033926879021267202,0.022470723800999997,-0.0014436241105708644,-0.001271436120283309,7.859864690699495e-05,0.003084959247489953,0.0037978130968373803,0.003187535465702209,-0.004707631627508259,0.018401193801,-0.0027491906167236278,-0.0020960530035715793,0.020435958801,-0.0010992481299957535,0.019079448800999998,7.859864690699495e-05,-0.003078117478968472,-0.003292176261234624,0.002572078156428674,-0.0027489476595557497,0.003187535465702209,-0.0026134442055958784,0.017722938800999996,0.00011346629259371084,0.020435958801,-0.0027491906167236278,0.004065517345694569,0.004868630092266132,9.60324697503529e-05,0.024505488801,0.0024695019382164176,-0.00397090831687337,-0.0020399081994243247,-0.0005826841591330875,0.0035978403385512323,0.023827233801,-0.0018668733195003004,-0.0026134442055958784,0.003530108847980193,-0.0005826841591330875,-0.0026134442055958784
PROP_50,-0.002647857393351753,-0.004844748595042382,0.0014968706612751349,0.002893560564916367,-0.0007675598919067435,-0.00033987050191413014,-0.00048243363191166795,-0.0030126081594013276,-0.002647857393351753,-0.0037625228504423723,0.009747682644,-0.000975911655668344,-0.003340543212565864,-0.0015399572317106188,-0.005636088584717616,-0.0010464173526736284,-0.0029518570634673768,0.010760302644,0.010253992644,-0.000975911655668344,-0.00048243363191166795,-0.0030126081594013276,-0.00033987050191413014,-0.0016809686257211875,0.0001576265780476797,-0.003996413318894936,-0.000975911655668344,0.012279232644,-0.0027491906167236273,-0.000975911655668344,0.012785542644000001,-0.00048243363191166795,-0.0013378124118968947,0.010253992644,0.009747682644,-0.0033571899569548743,-0.004652283425224008,-0.0021931911918821215,0.00012266371360626372,-0.005918385023391042,-0.0033571899569548743,-0.001195249281899357,-0.0010526861519018192,0.0001576265780476797,-0.005381566809216712,-0.004652283425224008,-0.0055605062139414884,-0.0020334971107476094,-0.0027491906167236273,0.010253992644,-0.0009054059586630597,-0.003053190286839251,-0.0009101230219042812,-0.002850523840095502,0.0001576265780476797,0.002258701517806716,0.012279232644,-0.00448686978559283,-0.0011874287466841972,-0.0055605062139414884,0.009747682644,-0.002647857393351753,0.0002275523069305116,-0.003053190286839251,0.010253992644,-0.004980218478388545,-0.005964023637882153,0.00019258944248909564,-0.0036611896270704975,-0.004307930380868052,0.014810782644,0.0014968706612751349,-0.00048243363191166795,-0.006276263832840595,-0.0035598564036986233,0.0013698988518532048,0.009747682644,-0.004324348372059472,-0.00048243363191166795,0.009747682644
PROP_51,-0.002018793971070102,-0.0004193361988615686,-0.0012588447876683447,-0.0024334391268278827,0.0014316760961977824,0.0006339368152554816,0.0008998499089029153,0.0005578175976235257,-0.002018793971070102,-0.0028686433285863527,-0.0008606998517985368,0.0044437072640000005,0.000618538386340083,0.007012027264,0.0010435839073559845,0.0047647472639999995,-0.0022505710685745343,-0.0009501120655275822,-0.0009054059586630596,0.0044437072640000005,0.0008998499089029153,0.0005578175976235257,0.0006339368152554816,0.007654107264,-0.0004907265022889662,0.0007399799637731977,0.0044437072640000005,-0.0010842303861211503,-0.0020960530035715797,0.0044437072640000005,-0.0011289364929856732,0.0008998499089029153,0.002495328470787517,-0.0009054059586630596,-0.0008606998517985368,-0.0025596071985804435,0.0008614215412063124,0.004090807032672119,-0.00038187934979828957,-0.0005122645748115078,-0.0025596071985804435,0.002229415377140083,0.0019635022834926497,-0.0004907265022889662,-0.00046580038683653827,0.0008614215412063124,-0.00048128844949486143,0.009259307264,-0.0020960530035715797,-0.0009054059586630596,0.004122667264,-0.0023278301010760116,0.0016975891898452157,-0.002173312036073057,-0.0004907265022889662,-0.0018995326090280927,-0.0010842303861211503,-0.00038836007354492235,0.005406827264,-0.00048128844949486143,-0.0008606998517985368,-0.002018793971070102,-0.0007084208072703192,-0.0023278301010760116,-0.0009054059586630596,0.0009221423299228698,0.0011043046960725418,-0.0005995736547796427,-0.0027913842960848754,-0.0003728720108865991,-0.0013077609204437638,-0.0012588447876683447,0.0008998499089029153,-0.0005432407001281542,-0.002714125263583398,-0.0011520634841083869,-0.0008606998517985368,0.0008007007524897552,0.0008998499089029153,-0.0008606998517985368
PROP_52,0.019682703801,0.0030843308640844903,-0.0022654769235130887,-0.004379332734747627,-0.0010295724845904549,-0.0004558879649449563,-0.0006471161381601225,0.0027312351319100283,0.019682703801,0.027968508801000002,-0.0029024333253512666,-0.0025091026918027132,0.003028541549073073,-0.003959283417616326,0.005109686469214387,-0.0026903752825294144,0.021942468801000002,-0.0032039472483272346,-0.003053190286839251,-0.0025091026918027132,-0.0006471161381601225,0.0027312351319100283,-0.0004558879649449563,-0.004321828599069729,8.728991865290856e-05,0.003623154383399163,-0.0025091026918027132,-0.0036562181327911875,0.020435958801,-0.0025091026918027132,-0.003806975094279172,-0.0006471161381601225,-0.00179448517745112,-0.003053190286839251,-0.0029024333253512666,0.024955488801,0.004217767217725253,-0.002941854216742117,6.792830063922108e-05,0.003767844137848542,0.024955488801,-0.0016032570042359537,-0.0014120288310207874,8.728991865290856e-05,0.0034260875009665165,0.004217767217725253,0.0035400063799271918,-0.005228191552703237,0.020435958801,-0.003053190286839251,-0.0023278301010760116,0.022695723801000003,-0.0012208006578056211,0.021189213801,8.728991865290856e-05,-0.003418489184186473,-0.0036562181327911875,0.0028564931061631402,-0.003052920463982818,0.0035400063799271918,-0.0029024333253512666,0.019682703801,0.0001260131546802835,0.022695723801000003,-0.003053190286839251,0.004515073634888298,0.005406992886377433,0.00010665153666659602,0.027215253801,0.0027425742272024645,-0.004410002940231109,-0.0022654769235130887,-0.0006471161381601225,0.003995681895769892,0.026461998801000003,-0.002073308213400858,-0.0029024333253512666,0.003920460800562208,-0.0006471161381601225,-0.0029024333253512666
PROP_53,-0.0010587306207257977,0.001655385205269234,-0.0008088039634548799,-0.001563477268909429,0.0008592863999999999,0.00038048639999999995,0.0005400864,-8.676495773509917e-05,-0.0010587306207257977,-0.0015044232226953114,-0.0008651840012497276,0.001829783713101291,-9.62096878567001e-05,0.0028873398991498926,-0.00016232279870790665,0.001961978236357366,-0.0011802831485356652,-0.0009550620425588347,-0.0009101230219042812,0.001829783713101291,0.0005400864,-8.676495773509917e-05,0.00038048639999999995,0.003151728945662043,-0.00036761457104280684,-0.00011509914809990199,0.001829783713101291,-0.0010898791045224955,-0.0010992481299957537,0.001829783713101291,-0.0011348181251770492,0.0005400864,0.0014976864,-0.0009101230219042812,-0.0008651840012497276,-0.0013423531856154882,-0.00013398860834310384,0.0024552864,-0.0002860746519932977,0.00202223228194627,-0.0013423531856154882,0.0013380863999999998,0.0011784864,-0.00036761457104280684,0.0018388087436077521,-0.00013398860834310384,0.0018999499230539247,0.0038127015619424196,-0.0010992481299957537,-0.0009101230219042812,0.0016975891898452157,-0.001220800657805621,0.0010188863999999998,-0.0011397656392657094,-0.00036761457104280684,-0.0012204439482482701,-0.0010898791045224955,0.001533102846376889,0.002226367282869517,0.0018999499230539247,-0.0008651840012497276,-0.0010587306207257977,-0.0005306944091418251,-0.001220800657805621,-0.0009101230219042812,-0.0001434333384647048,-0.0001717675288295076,-0.00044915449009231596,-0.0014639057134253554,0.0014719616669307163,-0.0013145742077952634,-0.0008088039634548799,0.0005400864,0.002144514640838615,-0.0014233882041553997,-0.0007401972993226481,-0.0008651840012497276,-0.00012454387822150292,0.0005400864,-0.0008651840012497276
PROP_54,0.018376193800999998,0.0028795973499302872,-0.0021150977741205795,-0.004088638830641605,-0.0009612309213356172,-0.00042562676754534013,-0.0006041614854754325,0.002549939612337637,0.018376193800999998,0.026111998801,-0.0027097739121810078,-0.002342552008979319,0.0028275112506301104,-0.0036964717922294164,0.004770512718677425,-0.002511791981885581,0.020485958801,-0.002991273768009996,-0.002850523840095502,-0.002342552008979319,-0.0006041614854754325,0.002549939612337637,-0.00042562676754534013,-0.004034951738041941,8.149573748896615e-05,0.0033826545272150573,-0.002342552008979319,-0.0034135235517534783,0.019079448800999998,-0.002342552008979319,-0.003554273479667973,-0.0006041614854754325,-0.0016753697930559867,-0.002850523840095502,-0.0027097739121810078,0.023298978801,0.003937797803800004,-0.0027465781006365407,6.341931625549836e-05,0.003517739980700661,0.023298978801,-0.0014968350751258942,-0.001318300357195802,8.149573748896615e-05,0.003198668665315474,0.003937797803800004,0.0033050257704438702,-0.004881151602573252,0.019079448800999998,-0.002850523840095502,-0.0021733120360730566,0.021189213801,-0.0011397656392657094,0.019782703801,8.149573748896615e-05,-0.0031915747140411387,-0.0034135235517534783,0.002666883139673496,-0.0028502719276981055,0.0033050257704438702,-0.0027097739121810078,0.018376193800999998,0.00011764857995590173,0.021189213801,-0.002850523840095502,0.004215369442092478,0.0050480843569698985,9.957215872243393e-05,0.025408743801,0.0025605260345451,-0.004117273191325949,-0.0021150977741205795,-0.0006041614854754325,0.0037304541909574528,0.024705488801,-0.001935684950800486,-0.0027097739121810078,0.0036602261655075312,-0.0006041614854754325,-0.0027097739121810078
PROP_55,7.570155632502375e-05,-0.002469046029425013,0.0001900313173846834,0.0003673444475256214,-0.0003100308349772043,-0.00013727962678039654,-0.00019486336284599913,-0.0001840922691177208,7.570155632502375e-05,0.00010756955272670693,0.00014984347194432009,-0.0005289403153877207,-0.00020413148592456125,-0.0008346508201777568,-0.00034440600357244465,-0.0005671541284864751,8.439282807093736e-05,0.00016540968415103925,0.0001576265780476797,-0.0005289403153877207,-0.00019486336284599913,-0.0001840922691177208,-0.00013727962678039654,-0.0009110784463752658,0.000508141764,-0.0002442099195382422,-0.0005289403153877207,0.00018875900246111802,7.859864690699495e-05,-0.0005289403153877207,0.00019654210856447763,-0.00019486336284599913,-0.0005403657792396146,0.0001576265780476797,0.00014984347194432009,9.598119039882214e-05,-0.0002842883531519232,-0.00088586819563323,0.00039543176399999994,-0.003016207086073634,9.598119039882214e-05,-0.00048278204317401196,-0.00042519830710840945,0.000508141764,-0.0027426265577493235,-0.0002842883531519232,-0.0028338200671907607,-0.0011021475118690386,7.859864690699495e-05,0.0001576265780476797,-0.0004907265022889661,8.728991865290856e-05,-0.0003676145710428068,8.149573748896615e-05,0.000508141764,0.0002867475701888314,0.00018875900246111802,-0.0022866590105421396,-0.0006435817546839843,-0.0028338200671907607,0.00014984347194432009,7.570155632502375e-05,0.0007335617640000001,8.728991865290856e-05,0.0001576265780476797,-0.0003043275699587637,-0.0003644452203792851,0.000620851764,0.00010467246214473573,-0.0021954655011007028,0.00022767453297791595,0.0001900313173846834,-0.00019486336284599913,-0.0031985941049565074,0.00010177537156276453,0.00017391194191732542,0.00014984347194432009,-0.0002642491363450827,-0.00019486336284599913,0.00014984347194432009
PROP_56,-0.0029646602438958046,-0.002373486318866153,0.005242863025,0.010134838025,-0.0010292716505903333,-0.00045575475761652204,-0.0006469270552744591,8.1402011847563e-05,-0.0029646602438958046,-0.004212689829695143,0.0021471739201981994,-0.002047452853314482,9.026296278126676e-05,-0.0032308148076055938,0.0001522896193171931,-0.002195373097600871,-0.003305031949113806,0.0023702291154152322,0.002258701517806716,-0.002047452853314482,-0.0006469270552744591,8.1402011847563e-05,-0.00045575475761652204,-0.003526655296178372,0.0002867475701888314,0.0001079848646486743,-0.002047452853314482,0.002704811908240781,-0.0030781174789684717,-0.002047452853314482,0.0028163395058492975,-0.0006469270552744591,-0.0017939608412220818,0.002258701517806716,0.0021471739201981994,-0.0037588608894044743,0.00012570676651608181,-0.0029409946271697044,0.00022314461344390382,-0.0028994705519240858,-0.0037588608894044743,-0.0016027885435641446,-0.0014116162459062076,0.0002867475701888314,-0.0026364784353951195,0.00012570676651608181,-0.0027241424742381086,-0.004266256517610317,-0.0030781174789684717,0.002258701517806716,-0.001899532609028093,-0.003418489184186473,-0.0012204439482482704,-0.003191574714041139,0.0002867475701888314,0.007911213024999999,0.002704811908240781,-0.0021981582411801756,-0.002491213586173649,-0.0027241424742381086,0.0021471739201981994,-0.0029646602438958046,0.0004139534836786865,-0.003418489184186473,0.002258701517806716,0.0001345677174497856,0.0001611505702508969,0.0003503505269337589,-0.004099232594622476,-0.0021104942023371866,0.003262449896283363,0.005242863025,-0.0006469270552744591,-0.0030747986296100634,-0.003985775359549809,0.004798138025,0.0021471739201981994,0.00011684581558237808,-0.0006469270552744591,0.0021471739201981994
PROP_57,-0.003170828970715769,-0.005801622564555601,0.0017925137774046078,0.0034650603506042594,-0.000919158693413082,-0.0004069974600848417,-0.0005777178711942551,-0.0036076207326077286,-0.003170828970715769,-0.004505649166423168,0.011672922644,-0.0011686614839688603,-0.004000325403825342,-0.0018441102667505387,-0.006749258102348637,-0.0012530925818165699,-0.003534870842272333,0.012885542643999999,0.012279232644,-0.0011686614839688603,-0.0005777178711942551,-0.0036076207326077286,-0.0004069974600848417,-0.0020129724624459583,0.00018875900246111802,-0.00478573474626057,-0.0011686614839688603,0.014704472643999999,-0.0032921762612346237,-0.0011686614839688603,0.015310782644000001,-0.0005777178711942551,-0.001602040337850736,0.012279232644,0.011672922644,-0.00402026000434775,-0.005571144088695796,-0.0026263628045072166,0.00014689071161267555,-0.0070873101924359035,-0.00402026000434775,-0.0014313199267413225,-0.001260599515631909,0.00018875900246111802,-0.006444466378495753,-0.005571144088695796,-0.006658747649809137,-0.0024351279516845073,-0.0032921762612346237,0.012279232644,-0.0010842303861211503,-0.003656218132791187,-0.0010898791045224955,-0.0034135235517534783,0.00018875900246111802,0.0027048119082407813,0.014704472643999999,-0.005373060021928834,-0.0014219547775119897,-0.006658747649809137,0.011672922644,-0.003170828970715769,0.00027249558415800293,-0.003656218132791187,0.012279232644,-0.00596384875991341,-0.00714196277356625,0.0002306272933095605,-0.004384301875904314,-0.00515877875061545,0.017736022644,0.0017925137774046078,-0.0005777178711942551,-0.007515872735062671,-0.004262954585385459,0.0016404640889319123,0.011672922644,-0.005178439417478183,-0.0005777178711942551,0.011672922644
PROP_58,0.0024772731731838513,0.016972379876,-0.0014567478500912413,-0.002816000233754288,0.0012929551574080785,0.0005725120905016454,0.0008126597794704565,0.0005156302660003554,0.0024772731731838513,0.0035201279888768954,-0.0042653222265088275,-0.0004186024166754452,0.0005717587864540984,-0.000660541161719628,0.0009646584296302993,-0.00044884475980596803,0.002761688122918318,-0.00470841734467683,-0.004486869785592829,-0.0004186024166754452,0.0008126597794704565,0.0005156302660003554,0.0005725120905016454,-0.0007210258479806737,-0.0022866590105421396,0.0006840158273615844,-0.0004186024166754452,-0.005373060021928834,0.0025720781564286736,-0.0004186024166754452,-0.0055946075810128365,0.0008126597794704565,0.0022535459132833227,-0.004486869785592829,-0.0042653222265088275,0.0031409080558976064,0.0007962728682690704,0.0036944320470961886,-0.0017794593364799135,0.020733599876,0.0031409080558976064,0.0020133982243145114,0.0017732505353457004,-0.0022866590105421396,0.018852989876000002,0.0007962728682690704,0.019479859876000004,-0.000872237563633288,0.0025720781564286736,-0.004486869785592829,-0.00038836007354492235,0.0028564931061631402,0.0015331028463768893,0.002666883139673496,-0.0022866590105421396,-0.0021981582411801756,-0.005373060021928834,0.015718639876000005,-0.0005093294460670138,0.019479859876000004,-0.0042653222265088275,0.0024772731731838513,-0.003301058358666592,0.0028564931061631402,-0.004486869785592829,0.0008524013887228134,0.0010207869500840423,-0.002793858684604366,0.003425323005632073,0.015091769876000001,-0.006480797817348841,-0.0014567478500912413,0.0008126597794704565,0.021987339876000003,0.0033305180223872507,-0.001333179451576419,-0.0042653222265088275,0.0007401443478153274,0.0008126597794704565,-0.0042653222265088275
PROP_59,-0.0026476233914133934,-0.0005499542523320299,-0.001650959411287939,-0.0031914253985784076,0.0018776255405653945,0.0008314003136530276,0.00118014205595715,0.0007315708986525332,-0.0026476233914133934,-0.003762190340979311,-0.001128797238977249,0.005827867264000001,0.0008112054640687407,0.009196187264,0.0013686474219821942,0.006248907264,-0.0029515961958404622,-0.0012460602543911453,-0.0011874287466841972,0.005827867264000001,0.00118014205595715,0.0007315708986525332,0.0008314003136530276,0.010038267264,-0.0006435817546839842,0.0009704745949011561,0.005827867264000001,-0.0014219547775119897,-0.0027489476595557497,0.005827867264000001,-0.0014805862852189382,0.00118014205595715,0.003272592509781884,-0.0011874287466841972,-0.001128797238977249,-0.0033568932684098864,0.0011297437257335712,0.005365042963606618,-0.000500830056812459,-0.0006718286711270785,-0.0033568932684098864,0.0029238507674777614,0.002575109025173639,-0.0006435817546839842,-0.0006108914617295542,0.0011297437257335712,-0.0006312038648620624,0.012143467264,-0.0027489476595557497,-0.0011874287466841972,0.005406827264,-0.003052920463982818,0.002226367282869517,-0.002850271927698106,-0.0006435817546839842,-0.002491213586173649,-0.0014219547775119897,-0.0005093294460670138,0.007090987264000001,-0.0006312038648620624,-0.001128797238977249,-0.0026476233914133934,-0.0009290851504270347,-0.003052920463982818,-0.0011874287466841972,0.001209378291149779,0.001448281987398402,-0.0007863334525555095,-0.003660866072836955,-0.0004890170429345057,-0.0017151123160467306,-0.001650959411287939,0.00118014205595715,-0.0007124534773920947,-0.0035595418046945985,-0.0015109170488069874,-0.001128797238977249,0.0010501091603173638,0.00118014205595715,-0.001128797238977249
PROP_60,0.003070045160960548,0.021033599876000002,-0.0018053243930964673,-0.003489824208522809,0.0016023387195680345,0.000709505109110363,0.0010071163125962535,0.0006390123705835278,0.003070045160960548,0.004362438513118819,-0.005285945854974577,-0.0005187673033366617,0.0007085715514103329,-0.0008185981340710633,0.0011954858171979686,-0.0005562461571784618,0.003422516075185531,-0.0058350665729084,-0.005560506213941489,-0.0005187673033366617,0.0010071163125962535,0.0006390123705835278,0.000709505109110363,-0.0008935558417546637,-0.0028338200671907607,0.0008476899130639431,-0.0005187673033366617,-0.006658747649809137,0.003187535465702209,-0.0005187673033366617,-0.006933308008776049,0.0010071163125962535,0.002792783533511597,-0.005560506213941489,-0.005285945854974577,0.0038924772941521745,0.0009868082747175532,0.00457845075442694,-0.002205255594830109,0.025694819876000002,0.0038924772941521745,0.002495172330025706,0.0021975611265398157,-0.0028338200671907607,0.023364209876000002,0.0009868082747175532,0.024141079876000004,-0.0010809501109636647,0.003187535465702209,-0.005560506213941489,-0.0004812884494948615,0.003540006379927192,0.001899949923053925,0.0033050257704438702,-0.0028338200671907607,-0.002724142474238108,-0.006658747649809137,0.019479859876000004,-0.0006312038648620623,0.024141079876000004,-0.005285945854974577,0.003070045160960548,-0.004090949011912063,0.003540006379927192,-0.005560506213941489,0.0010563674555443584,0.0012650449980247738,-0.003462384539551412,0.004244948208377158,0.018702989876,-0.008031549444643698,-0.0018053243930964673,0.0010071163125962535,0.027248559876000004,0.0041274579036354965,-0.0016521880462395274,-0.005285945854974577,0.0009172490938907483,0.0010071163125962535,-0.005285945854974577
PROP_61,-0.0025171144990107485,-0.004605530102664077,0.0014229598822427666,0.002750685618494394,-0.0007296601915301588,-0.0003230887623714522,-0.0004586125720910211,-0.0028638550160997277,-0.0025171144990107485,-0.0035767412714471725,0.009266372644,-0.0009277241985932149,-0.0031755976647509943,-0.0014639189729506387,-0.005357796205309862,-0.0009947485453878928,-0.0028061036187661367,0.010228992644,0.009747682644,-0.0009277241985932149,-0.0004586125720910211,-0.0028638550160997277,-0.0003230887623714522,-0.0015979676665399947,0.0001498434719443201,-0.003799082962053528,-0.0009277241985932149,0.011672922644,-0.002613444205595878,-0.0009277241985932149,0.012154232644000002,-0.0004586125720910211,-0.0012717554304084344,0.009747682644,0.009266372644,-0.0031914224451066544,-0.004422568259356061,-0.0020848982887258474,0.00011660696410466077,-0.005626153731129826,-0.0031914224451066544,-0.0011362316206888655,-0.0010007078109692967,0.0001498434719443201,-0.005115841916896952,-0.004422568259356061,-0.005285945854974577,-0.0019330894005133849,-0.002613444205595878,0.009747682644,-0.0008606998517985369,-0.0029024333253512666,-0.0008651840012497276,-0.0027097739121810073,0.0001498434719443201,0.0021471739201982,0.011672922644,-0.0042653222265088275,-0.001128797238977249,-0.005285945854974577,0.009266372644,-0.0025171144990107485,0.00021631648762363877,-0.0029024333253512666,0.009747682644,-0.0047343109080073284,-0.005669538853961128,0.00018307997978397943,-0.003480411564862043,-0.004095218288431202,0.014079472644,0.0014229598822427666,-0.0004586125720910211,-0.005966361607285075,-0.0033840818582769132,0.0013022575425835278,0.009266372644,-0.004110825610704795,-0.0004586125720910211,0.009266372644
PROP_62,0.017069683800999998,0.0026748638357760833,-0.00196471862472807,-0.003797944926535583,-0.0008928893580807796,-0.0003953655701457241,-0.0005612068327907426,0.002368644092765246,0.017069683800999998,0.024255488801,-0.0025171144990107485,-0.002176001326155925,0.002626480952187148,-0.003433660166842507,0.004431338968140463,-0.0023332086812417477,0.019029448801,-0.0027786002876927568,-0.002647857393351753,-0.002176001326155925,-0.0005612068327907426,0.002368644092765246,-0.0003953655701457241,-0.003748074877014153,7.570155632502375e-05,0.0031421546710309525,-0.002176001326155925,-0.003170828970715769,0.017722938800999996,-0.002176001326155925,-0.0033015718650567737,-0.0005612068327907426,-0.0015562544086608536,-0.002647857393351753,-0.0025171144990107485,0.021642468800999997,0.0036578283898747563,-0.0025513019845309643,5.891033187177565e-05,0.00326763582355278,0.021642468800999997,-0.001390413146015835,-0.0012245718833708166,7.570155632502375e-05,0.002971249829664432,0.0036578283898747563,0.003070045160960548,-0.004534111652443267,0.017722938800999996,-0.002647857393351753,-0.002018793971070102,0.019682703801,-0.001058730620725798,0.018376193800999998,7.570155632502375e-05,-0.002964660243895804,-0.003170828970715769,0.0024772731731838517,-0.0026476233914133934,0.003070045160960548,-0.0025171144990107485,0.017069683800999998,0.00010928400523151998,0.019682703801,-0.002647857393351753,0.0039156652492966584,0.004689175827562365,9.249278077827186e-05,0.023602233801,0.0023784778418877352,-0.0038245434424207902,-0.00196471862472807,-0.0005612068327907426,0.003465226486145012,0.022948978800999997,-0.0017980616882001144,-0.0025171144990107485,0.0033999915304528546,-0.0005612068327907426,-0.0025171144990107485
PROP_63,0.00010928400523151998,-0.003564355243081749,0.00027433231879746105,0.000530304454413041,-0.0004475655856546971,-0.00019817911519331313,-0.0002813079386804411,-0.00026575861155305077,0.00010928400523151998,0.0001552891662156196,0.00021631648762363874,-0.0007635868930594981,-0.0002946875527884426,-0.001204915579372929,-0.0004971901414361856,-0.0008187529788486769,0.00012183086731809261,0.00023878812623738443,0.0002275523069305116,-0.0007635868930594981,-0.0002813079386804411,-0.00026575861155305077,-0.00019817911519331313,-0.0013152477509512867,0.0007335617640000001,-0.00035254543525922635,-0.0007635868930594981,0.00027249558415800293,0.00011346629259371084,-0.0007635868930594981,0.00028373140346487583,-0.0002813079386804411,-0.0007800808796032091,0.0002275523069305116,0.00021631648762363874,0.00013856001676685608,-0.00041040331773001,-0.001278853820525977,0.000570851764,-0.00435424589632722,0.00013856001676685608,-0.000696952056116081,-0.0006138232326289531,0.0007335617640000001,-0.003959300569704485,-0.00041040331773001,-0.004090949011912064,-0.001591078179897181,0.00011346629259371084,0.0002275523069305116,-0.0007084208072703192,0.0001260131546802835,-0.000530694409141825,0.00011764857995590173,0.0007335617640000001,0.00041395348367868646,0.00027249558415800293,-0.0033010583586665925,-0.0009290851504270347,-0.004090949011912064,0.00021631648762363874,0.00010928400523151998,0.001058981764,0.0001260131546802835,0.0002275523069305116,-0.00043933225896540187,-0.0005261190826715774,0.000896271764,0.00015110687885342873,-0.003169409916459013,0.0003286746806923672,0.00027433231879746105,-0.0002813079386804411,-0.004617542780742378,0.00014692459149123784,0.00025106212465059017,0.00021631648762363874,-0.0003814743764946182,-0.0002813079386804411,0.00021631648762363874
PROP_64,0.019682703801,0.0030843308640844903,-0.0022654769235130887,-0.004379332734747627,-0.0010295724845904549,-0.0004558879649449563,-0.0006471161381601225,0.0027312351319100283,0.019682703801,0.027968508801000002,-0.0029024333253512666,-0.0025091026918027132,0.003028541549073073,-0.003959283417616326,0.005109686469214387,-0.0026903752825294144,0.021942468801000002,-0.0032039472483272346,-0.003053190286839251,-0.0025091026918027132,-0.0006471161381601225,0.0027312351319100283,-0.0004558879649449563,-0.004321828599069729,8.728991865290856e-05,0.003623154383399163,-0.0025091026918027132,-0.0036562181327911875,0.020435958801,-0.0025091026918027132,-0.003806975094279172,-0.0006471161381601225,-0.00179448517745112,-0.003053190286839251,-0.0029024333253512666,0.024955488801,0.004217767217725253,-0.002941854216742117,6.792830063922108e-05,0.003767844137848542,0.024955488801,-0.0016032570042359537,-0.0014120288310207874,8.728991865290856e-05,0.0034260875009665165,0.004217767217725253,0.0035400063799271918,-0.005228191552703237,0.020435958801,-0.003053190286839251,-0.0023278301010760116,0.022695723801000003,-0.0012208006578056211,0.021189213801,8.728991865290856e-05,-0.003418489184186473,-0.0036562181327911875,0.0028564931061631402,-0.003052920463982818,0.0035400063799271918,-0.0029024333253512666,0.019682703801,0.0001260131546802835,0.022695723801000003,-0.003053190286839251,0.004515073634888298,0.005406992886377433,0.00010665153666659602,0.027215253801,0.0027425742272024645,-0.004410002940231109,-0.0022654769235130887,-0.0006471161381601225,0.003995681895769892,0.026461998801000003,-0.002073308213400858,-0.0029024333253512666,0.003920460800562208,-0.0006471161381601225,-0.0029024333253512666
PROP_65,-0.002647857393351753,-0.004844748595042382,0.0014968706612751349,0.002893560564916367,-0.0007675598919067435,-0.00033987050191413014,-0.00048243363191166795,-0.0030126081594013276,-0.002647857393351753,-0.0037625228504423723,0.009747682644,-0.000975911655668344,-0.003340543212565864,-0.0015399572317106188,-0.005636088584717616,-0.0010464173526736284,-0.0029518570634673768,0.010760302644,0.010253992644,-0.000975911655668344,-0.00048243363191166795,-0.0030126081594013276,-0.00033987050191413014,-0.0016809686257211875,0.0001576265780476797,-0.003996413318894936,-0.000975911655668344,0.012279232644,-0.0027491906167236273,-0.000975911655668344,0.012785542644000001,-0.00048243363191166795,-0.0013378124118968947,0.010253992644,0.009747682644,-0.0033571899569548743,-0.004652283425224008,-0.0021931911918821215,0.00012266371360626372,-0.005918385023391042,-0.0033571899569548743,-0.001195249281899357,-0.0010526861519018192,0.0001576265780476797,-0.005381566809216712,-0.004652283425224008,-0.0055605062139414884,-0.0020334971107476094,-0.0027491906167236273,0.010253992644,-0.0009054059586630597,-0.003053190286839251,-0.0009101230219042812,-0.002850523840095502,0.0001576265780476797,0.002258701517806716,0.012279232644,-0.00448686978559283,-0.0011874287466841972,-0.0055605062139414884,0.009747682644,-0.002647857393351753,0.0002275523069305116,-0.003053190286839251,0.010253992644,-0.004980218478388545,-0.005964023637882153,0.00019258944248909564,-0.0036611896270704975,-0.004307930380868052,0.014810782644,0.0014968706612751349,-0.00048243363191166795,-0.006276263832840595,-0.0035598564036986233,0.0013698988518532048,0.009747682644,-0.004324348372059472,-0.00048243363191166795,0.009747682644
PROP_66,0.0039156652492966584,0.0009203900776633283,8.917976395612583e-05,0.00017239101202783542,-0.00012096571025908061,-5.356282564220806e-05,-7.603045384783226e-05,0.003487830489,0.0039156652492966584,0.0055640383096736655,-0.0047343109080073284,0.0009939513202295973,0.003867495489,0.0015684232426834157,0.006525150489,0.0010657603105363243,0.004365221538490388,-0.005226126048769761,-0.004980218478388545,0.0009939513202295973,-7.603045384783226e-05,0.003487830489,-5.356282564220806e-05,0.0017120412232968704,-0.0003043275699587637,0.004626825489,0.0009939513202295973,-0.00596384875991341,0.004065517345694569,0.0009939513202295973,-0.006209756330294627,-7.603045384783226e-05,-0.00021083622308157738,-0.004980218478388545,-0.0047343109080073284,0.004964629924082026,0.0053861554889999995,-0.00034564199231532246,-0.00023682522545544462,0.0011243561444848735,0.004964629924082026,-0.00018836859487595317,-0.00016590096667032898,-0.0003043275699587637,0.001022373111074101,0.0053861554889999995,0.0010563674555443584,0.002071086174830507,0.004065517345694569,-0.004980218478388545,0.0009221423299228698,0.004515073634888298,-0.0001434333384647048,0.004215369442092478,-0.0003043275699587637,0.0001345677174497856,-0.00596384875991341,0.0008524013887228134,0.001209378291149779,0.0010563674555443584,-0.0047343109080073284,0.0039156652492966584,-0.00043933225896540187,0.004515073634888298,-0.004980218478388545,0.005765820489,0.006904815489,-0.0003718299144620828,0.005414186213275756,0.0008184070442525558,-0.007193386611819491,8.917976395612583e-05,-7.603045384783226e-05,0.0011923448334253885,0.005264334116877846,8.161510504051587e-05,-0.0047343109080073284,0.005006490489000001,-7.603045384783226e-05,-0.0047343109080073284
PROP_67,0.004689175827562364,0.0011022062993976194,0.00010679656375781795,0.00020644557566179604,-0.00014486158759681532,-6.414376389873844e-05,-9.104970513143073e-05,0.0041768254890000005,0.004689175827562364,0.0066631727393038,-0.005669538853961129,0.001190299018904007,0.004631490489,0.0018782536015557274,0.007814145489,0.001276293341735472,0.005227538621673665,-0.006258508421803178,-0.005964023637882154,0.001190299018904007,-9.104970513143073e-05,0.0041768254890000005,-6.414376389873844e-05,0.0020502422472186573,-0.00036444522037928516,0.005540820489,0.001190299018904007,-0.00714196277356625,0.004868630092266132,0.001190299018904007,-0.007436447557487276,-9.104970513143073e-05,-0.00025248535252758454,-0.005964023637882154,-0.005669538853961129,0.005945355680488732,0.006450150488999999,-0.0004139209999237383,-0.00028360828923313904,0.001346464347338351,0.005945355680488732,-0.00022557941129489222,-0.00019867347006219993,-0.00036444522037928516,0.0012243353233679854,0.006450150488999999,0.001265044998024774,0.002480213861375983,0.004868630092266132,-0.005964023637882154,0.0011043046960725418,0.005406992886377433,-0.0001717675288295076,0.0050480843569698985,-0.00036444522037928516,0.0001611505702508969,-0.00714196277356625,0.0010207869500840426,0.0014482819873984022,0.001265044998024774,-0.005669538853961129,0.004689175827562364,-0.0005261190826715775,0.005406992886377433,-0.005964023637882154,0.006904815489,0.008268810489,-0.00044528215152543133,0.006483718474600032,0.0009800772754272537,-0.008614386693171373,0.00010679656375781795,-9.104970513143073e-05,0.0014278836966519282,0.006304264209896266,9.773756267563813e-05,-0.005669538853961129,0.005995485489,-9.104970513143073e-05,-0.005669538853961129
PROP_68,9.249278077827185e-05,-0.003016700636253381,0.0002321818180910722,0.00044882445096933117,-0.00037879821031595065,-0.00016772937098685482,-0.00023808565076322013,-0.0002249254403353858,9.249278077827185e-05,0.00013142935947116325,0.00018307997978397943,-0.0006462636042236094,-0.00024940951935650195,-0.001019783199775343,-0.0004207980725043151,-0.000692953553667576,0.00010311184769451497,0.00020209890519421182,0.00019258944248909564,-0.0006462636042236094,-0.00023808565076322013,-0.0002249254403353858,-0.00016772937098685482,-0.0011131630986632762,0.000620851764,-0.0002983776773987343,-0.0006462636042236094,0.0002306272933095605,9.603246975035289e-05,-0.0006462636042236094,0.00024013675601467673,-0.00023808565076322013,-0.0006602233294214118,0.00019258944248909564,0.00018307997978397943,0.00011727060358283911,-0.0003473458354409666,-0.0010823610080796036,0.00048314176399999996,-0.0036852264912004273,0.00011727060358283911,-0.0005898670496450465,-0.0005195107698686812,0.000620851764,-0.0033509635637269043,-0.0003473458354409666,-0.003462384539551412,-0.00134661284588311,9.603246975035289e-05,0.00019258944248909564,-0.0005995736547796427,0.00010665153666659602,-0.0004491544900923159,9.957215872243393e-05,0.000620851764,0.0003503505269337589,0.0002306272933095605,-0.002793858684604366,-0.0007863334525555095,-0.003462384539551412,0.00018307997978397943,9.249278077827185e-05,0.000896271764,0.00010665153666659602,0.00019258944248909564,-0.00037182991446208283,-0.00044528215152543133,0.000758561764,0.0001278896704990822,-0.002682437708779858,0.00027817460683514155,0.0002321818180910722,-0.00023808565076322013,-0.003908068442849443,0.0001243499815270012,0.00021248703328395778,0.00018307997978397943,-0.0003228617564198505,-0.00023808565076322013,0.00018307997978397943
PROP_69,0.023602233801,0.003698531406547101,-0.002716614371690616,-0.005251414447065693,-0.0012345971743549678,-0.0005466715571438045,-0.0007759800962141923,0.0032751216906272015,0.023602233801,0.033538038801,-0.003480411564862043,-0.0030087547402728957,0.00363163244440196,-0.004747718293777054,0.006127207720825273,-0.003226125184460915,0.026311998801000002,-0.003841967689278951,-0.0036611896270704975,-0.0030087547402728957,-0.0007759800962141923,0.0032751216906272015,-0.0005466715571438045,-0.005182459182153093,0.00010467246214473572,0.004344653951951478,-0.0030087547402728957,-0.004384301875904314,0.024505488801,-0.0030087547402728957,-0.0045650799381127686,-0.0007759800962141923,-0.002151831330636519,-0.0036611896270704975,-0.003480411564862043,0.029925018801,0.0050576754595009965,-0.003527682565058846,8.145525379038923e-05,0.004518156609292185,0.029925018801,-0.001922522791566131,-0.0016932142524957435,0.00010467246214473572,0.004108344007919643,0.0050576754595009965,0.004244948208377158,-0.006269311403093193,0.024505488801,-0.0036611896270704975,-0.0027913842960848754,0.027215253801,-0.0014639057134253554,0.025408743801,0.00010467246214473572,-0.004099232594622476,-0.004384301875904314,0.0034253230056320734,-0.003660866072836955,0.004244948208377158,-0.003480411564862043,0.023602233801,0.00015110687885342873,0.027215253801,-0.0036611896270704975,0.005414186213275755,0.006483718474600032,0.0001278896704990822,0.032634783801,0.003288718805174559,-0.005288192186946585,-0.002716614371690616,-0.0007759800962141923,0.004791365010207213,0.031731528801000004,-0.002486178001201973,-0.003480411564862043,0.004701164705726238,-0.0007759800962141923,-0.003480411564862043
PROP_70,0.0023784778418877352,0.016295509875999998,-0.00139865175959037,-0.002703696237959534,0.0012413912303814187,0.0005496799207335257,0.0007802503572828235,0.0004950665819031599,0.0023784778418877352,0.0033797429015032412,-0.004095218288431203,-0.00040190826889857574,0.0005489566589613926,-0.0006341983329943888,0.000926187198369021,-0.0004309445269105523,0.002651550130873782,-0.004520642473304901,-0.004307930380868052,-0.00040190826889857574,0.0007802503572828235,0.0004950665819031599,0.0005496799207335257,-0.000692270849018342,-0.0021954655011007028,0.0006567368130778579,-0.00040190826889857574,-0.00515877875061545,0.0024695019382164176,-0.00040190826889857574,-0.0053714908430523,0.0007802503572828235,0.00216367297657861,-0.004307930380868052,-0.004095218288431203,0.0030156465161885115,0.0007645169671943231,0.003547095595874396,-0.0017084932934215476,0.019906729876,0.0030156465161885115,0.0019331025400293118,0.0017025321034800141,-0.0021954655011007028,0.018101119876,0.0007645169671943231,0.018702989876,-0.0008374521390782251,0.0024695019382164176,-0.004307930380868052,-0.0003728720108865991,0.002742574227202465,0.0014719616669307163,0.0025605260345451,-0.0021954655011007028,-0.0021104942023371866,-0.00515877875061545,0.015091769876000001,-0.0004890170429345056,0.018702989876,-0.004095218288431203,0.0023784778418877352,-0.003169409916459013,0.002742574227202465,-0.004307930380868052,0.0008184070442525558,0.0009800772754272537,-0.002682437708779858,0.003288718805174559,0.014489899875999999,-0.006222339212799698,-0.00139865175959037,0.0007802503572828235,0.021110469875999998,0.0031976947088458766,-0.0012800113524659006,-0.004095218288431203,0.0007106268901360906,0.0007802503572828235,-0.004095218288431203
PROP_71,-0.0038245434424207902,-0.006997715026447126,0.0021620676725664493,0.004179435082714125,-0.0011086571952960056,-0.0004909061577982313,-0.0006968231702974894,-0.0043513864491157295,-0.0038245434424207902,-0.005434557061399165,0.014079472644,-0.0014095987693445058,-0.00482505314289969,-0.0022243015605504387,-0.008140719999387412,-0.0015114366182452472,-0.004263638065778529,0.015542092644,0.014810782644,-0.0014095987693445058,-0.0006968231702974894,-0.0043513864491157295,-0.0004909061577982313,-0.002427977258351922,0.00022767453297791595,-0.005772386530467611,-0.0014095987693445058,0.017736022644,-0.00397090831687337,-0.0014095987693445058,0.018467332644000002,-0.0006968231702974894,-0.0019323252452930382,0.014810782644,0.014079472644,-0.004849097563588847,-0.006719719918035531,-0.0031678273202885867,0.00017717445912069033,-0.008548466653741982,-0.004849097563588847,-0.00172640823279378,-0.0015204912202945219,0.00022767453297791595,-0.0077730908400945545,-0.006719719918035531,-0.008031549444643698,-0.0029371665028556306,-0.00397090831687337,0.014810782644,-0.001307760920443764,-0.004410002940231109,-0.0013145742077952636,-0.004117273191325949,0.00022767453297791595,0.0032624498962833632,0.017736022644,-0.006480797817348841,-0.0017151123160467306,-0.008031549444643698,0.014079472644,-0.0038245434424207902,0.0003286746806923672,-0.004410002940231109,0.014810782644,-0.007193386611819491,-0.008614386693171373,0.00027817460683514155,-0.005288192186946585,-0.006222339212799698,0.021392572644,0.0021620676725664493,-0.0006968231702974894,-0.009065383862840268,-0.005141827312494005,0.001978670635280297,0.014079472644,-0.006246053224251571,-0.0006968231702974894,0.014079472644
PROP_72,-0.0019647186247280703,-0.0015729400310929829,0.0034745130249999997,0.006716488025,-0.0006821116132896418,-0.00030203456279392763,-0.0004287269129591657,5.39461643527416e-05,-0.0019647186247280703,-0.00279180394638687,0.0014229598822427666,-0.0013568734435732434,5.9818430953305636e-05,-0.0021411026908124318,0.0001009242971572539,-0.0014549020994781418,-0.002190287348816834,0.0015707814403075032,0.0014968706612751349,-0.0013568734435732434,-0.0004287269129591657,5.39461643527416e-05,-0.00030203456279392763,-0.0023371600026222284,0.0001900313173846834,7.156296415443372e-05,-0.0013568734435732434,0.0017925137774046078,-0.0020399081994243247,-0.0013568734435732434,0.0018664245564369763,-0.0004287269129591657,-0.0011888810139505943,0.0014968706612751349,0.0014229598822427666,-0.002491045647601852,8.330749735556178e-05,-0.001949035114942023,0.00014788081667829457,-0.0019215165740982091,-0.002491045647601852,-0.001062188663785356,-0.0009354963136201181,0.0001900313173846834,-0.0017472283025955961,8.330749735556178e-05,-0.0018053243930964673,-0.002827303282146721,-0.0020399081994243247,0.0014968706612751349,-0.001258844787668345,-0.0022654769235130887,-0.0008088039634548799,-0.0021150977741205795,0.0001900313173846834,0.005242863025,0.0017925137774046078,-0.001456747850091241,-0.001650959411287939,-0.0018053243930964673,0.0014229598822427666,-0.0019647186247280703,0.0002743323187974611,-0.0022654769235130887,0.0014968706612751349,8.917976395612584e-05,0.00010679656375781795,0.00023218181809107227,-0.002716614371690616,-0.0013986517595903699,0.0021620676725664493,0.0034745130249999997,-0.0004287269129591657,-0.0020377087550999514,-0.002641424796994361,0.0031797880249999997,0.0014229598822427666,7.743523075499776e-05,-0.0004287269129591657,0.0014229598822427666
PROP_73,-0.0005612068327907426,0.0008774786238457219,-0.0004287269129591657,-0.0008287605072038704,0.00045548640000000004,0.00020168640000000002,0.00028628640000000004,-4.599195128063528e-05,-0.0005612068327907426,-0.0007974574225565373,-0.0004586125720910211,0.0009699229456664741,-5.0998368375168106e-05,0.0015305072397749436,-8.60432880368979e-05,0.0010399959824300327,-0.0006256388118177775,-0.0005062546917323147,-0.00048243363191166795,0.0009699229456664741,0.00028628640000000004,-4.599195128063528e-05,0.00020168640000000002,0.0016706533133020608,-0.00019486336284599913,-6.101120256423377e-05,0.0009699229456664741,-0.0005777178711942552,-0.0005826841591330875,0.0009699229456664741,-0.0006015389310149021,0.00028628640000000004,0.0007938864000000001,-0.00048243363191166795,-0.0004586125720910211,-0.0007115481171871573,-7.102403675329942e-05,0.0013014864,-0.00015164107492877813,0.001071935156971519,-0.0007115481171871573,0.0007092864,0.0006246864000000001,-0.00019486336284599913,0.0009747068904086206,-7.102403675329942e-05,0.0010071163125962535,0.0020210184971198543,-0.0005826841591330875,-0.00048243363191166795,0.0008998499089029153,-0.0006471161381601225,0.0005400864,-0.0006041614854754325,-0.00019486336284599913,-0.0006469270552744592,-0.0005777178711942552,0.0008126597794704564,0.00118014205595715,0.0010071163125962535,-0.0004586125720910211,-0.0005612068327907426,-0.0002813079386804411,-0.0006471161381601225,-0.00048243363191166795,-7.603045384783224e-05,-9.104970513143073e-05,-0.00023808565076322013,-0.0007759800962141923,0.0007802503572828234,-0.0006968231702974894,-0.0004287269129591657,0.00028628640000000004,0.001136754001346785,-0.0007545027698718474,-0.0003923602225732835,-0.0004586125720910211,-6.60176196587666e-05,0.00028628640000000004,-0.0004586125720910211
PROP_74,0.003465226486145012,0.023741079876,-0.0020377087550999514,-0.003939040191701823,0.0018085944276746717,0.0008008337881828413,0.001136754001346785,0.0007212671069723094,0.003465226486145012,0.004923978862613434,-0.005966361607285075,-0.0005855438944441393,0.0007997800613811558,-0.00092396944897202,0.0013493707422430814,-0.0006278470887601243,0.0038630680433636723,-0.0065861660583961135,-0.006276263832840595,-0.0005855438944441393,0.001136754001346785,0.0007212671069723094,0.0008008337881828413,-0.0010085758376039901,-0.003198594104956508,0.0009568059701988489,-0.0005855438944441393,-0.00751587273506267,0.003597840338551232,-0.0005855438944441393,-0.007825774960618192,0.001136754001346785,0.003152275280330446,-0.006276263832840595,-0.005966361607285075,0.004393523452988553,0.0011138318790165419,0.005167796559314107,-0.002489119767063573,0.029002299876,0.004393523452988553,0.002816355067166502,0.002480434854002559,-0.003198594104956508,0.026371689876000002,0.0011138318790165419,0.027248559876000004,-0.0012200918091839156,0.003597840338551232,-0.006276263832840595,-0.0005432407001281542,0.003995681895769892,0.002144514640838615,0.0037304541909574523,-0.003198594104956508,-0.0030747986296100634,-0.00751587273506267,0.021987339876000003,-0.0007124534773920945,0.027248559876000004,-0.005966361607285075,0.003465226486145012,-0.004617542780742378,0.003995681895769892,-0.006276263832840595,0.0011923448334253885,0.001427883696651928,-0.003908068442849443,0.004791365010207213,0.021110469875999998,-0.009065383862840266,-0.0020377087550999514,0.001136754001346785,0.030756039876,0.004658751157800993,-0.0018648604426815996,-0.005966361607285075,0.0010353189246076954,0.001136754001346785,-0.005966361607285075
PROP_75,0.022948978800999997,0.0035961646494699993,-0.002641424796994361,-0.005106067495012682,-0.001200426392727549,-0.0005315409584439964,-0.0007545027698718473,0.003184473930841006,0.022948978800999997,0.032609783801,-0.003384081858276914,-0.0029254793988611983,0.003531117295180479,-0.004616312481083599,0.005957620845556792,-0.003136833534138998,0.025583743801,-0.003735630949120332,-0.0035598564036986233,-0.0029254793988611983,-0.0007545027698718473,0.003184473930841006,-0.0005315409584439964,-0.0050390207516392,0.00010177537156276453,0.004224404023859426,-0.0029254793988611983,-0.00426295458538546,0.023827233801,-0.0029254793988611983,-0.0044387291308071695,-0.0007545027698718473,-0.0020922736384389523,-0.0035598564036986233,-0.003384081858276914,0.029096763801,0.0049176907525383725,-0.0034300445070060575,7.920076159852788e-05,0.004393104530718245,0.029096763801,-0.0018693118270111013,-0.0016463500155832506,0.00010177537156276453,0.003994634590094122,0.0049176907525383725,0.0041274579036354965,-0.0060957914280282,0.023827233801,-0.0035598564036986233,-0.002714125263583398,0.026461998801000003,-0.0014233882041553997,0.024705488801,0.00010177537156276453,-0.003985775359549808,-0.00426295458538546,0.003330518022387251,-0.003559541804694599,0.0041274579036354965,-0.003384081858276914,0.022948978800999997,0.00014692459149123784,0.026461998801000003,-0.0035598564036986233,0.005264334116877846,0.006304264209896266,0.0001243499815270012,0.031731528801000004,0.0031976947088458766,-0.005141827312494006,-0.002641424796994361,-0.0007545027698718473,0.004658751157800993,0.030853273801,-0.0024173663699017865,-0.003384081858276914,0.004571047388198899,-0.0007545027698718473,-0.003384081858276914
PROP_76,-0.0017980616882001144,-0.0014395156497974547,0.0031797880249999997,0.006146763025,-0.00062425160707286,-0.00027641453032349524,-0.0003923602225732835,4.9370189770271366e-05,-0.0017980616882001144,-0.0025549896325021584,0.001302257542583528,-0.0012417768752830372,5.474434231531211e-05,-0.001959484004680238,9.236341013059737e-05,-0.0013314902664576871,-0.002004496582100672,0.0014375401611228817,0.001369898851853205,-0.0012417768752830372,-0.0003923602225732835,4.9370189770271366e-05,-0.00027641453032349524,-0.0021389107870295383,0.00017391194191732542,6.549264740539362e-05,-0.0012417768752830372,0.0016404640889319125,-0.0018668733195003004,-0.0012417768752830372,0.0017081053982015897,-0.0003923602225732835,-0.001088034376072013,0.001369898851853205,0.001302257542583528,-0.002279743107301415,7.624095249547511e-05,-0.0017837085295707427,0.00013533685055069303,-0.0017585242444605631,-0.002279743107301415,-0.0009720886838222247,-0.0008561429915724365,0.00017391194191732542,-0.001599019947129009,7.624095249547511e-05,-0.0016521880462395271,-0.0025874777429027887,-0.0018668733195003004,0.001369898851853205,-0.0011520634841083869,-0.002073308213400858,-0.0007401972993226482,-0.001935684950800486,0.00017391194191732542,0.004798138025,0.0016404640889319125,-0.0013331794515764187,-0.0015109170488069876,-0.0016521880462395271,0.001302257542583528,-0.0017980616882001144,0.00025106212465059017,-0.002073308213400858,0.001369898851853205,8.161510504051587e-05,9.773756267563813e-05,0.0002124870332839578,-0.0024861780012019725,-0.0012800113524659004,0.001978670635280297,0.0031797880249999997,-0.0003923602225732835,-0.0018648604426815994,-0.0024173663699017865,0.002910063025,0.001302257542583528,7.086679995043438e-05,-0.0003923602225732835,0.001302257542583528
PROP_77,-0.0025171144990107485,-0.004605530102664077,0.0014229598822427666,0.002750685618494394,-0.0007296601915301588,-0.0003230887623714522,-0.0004586125720910211,-0.0028638550160997277,-0.0025171144990107485,-0.0035767412714471725,0.009266372644,-0.0009277241985932149,-0.0031755976647509943,-0.0014639189729506387,-0.005357796205309862,-0.0009947485453878928,-0.0028061036187661367,0.010228992644,0.009747682644,-0.0009277241985932149,-0.0004586125720910211,-0.0028638550160997277,-0.0003230887623714522,-0.0015979676665399947,0.0001498434719443201,-0.003799082962053528,-0.0009277241985932149,0.011672922644,-0.002613444205595878,-0.0009277241985932149,0.012154232644000002,-0.0004586125720910211,-0.0012717554304084344,0.009747682644,0.009266372644,-0.0031914224451066544,-0.004422568259356061,-0.0020848982887258474,0.00011660696410466077,-0.005626153731129826,-0.0031914224451066544,-0.0011362316206888655,-0.0010007078109692967,0.0001498434719443201,-0.005115841916896952,-0.004422568259356061,-0.005285945854974577,-0.0019330894005133849,-0.002613444205595878,0.009747682644,-0.0008606998517985369,-0.0029024333253512666,-0.0008651840012497276,-0.0027097739121810073,0.0001498434719443201,0.0021471739201982,0.011672922644,-0.0042653222265088275,-0.001128797238977249,-0.005285945854974577,0.009266372644,-0.0025171144990107485,0.00021631648762363877,-0.0029024333253512666,0.009747682644,-0.0047343109080073284,-0.005669538853961128,0.00018307997978397943,-0.003480411564862043,-0.004095218288431202,0.014079472644,0.0014229598822427666,-0.0004586125720910211,-0.005966361607285075,-0.0033840818582769132,0.0013022575425835278,0.009266372644,-0.004110825610704795,-0.0004586125720910211,0.009266372644
PROP_78,0.0033999915304528546,0.0007991792631738009,7.743523075499777e-05,0.00014968796960519503,-0.0001050351253672575,-4.650886680452115e-05,-6.60176196587666e-05,0.003028500489,0.0033999915304528546,0.004831282023253576,-0.004110825610704795,0.0008630528544466574,0.0033581654890000004,0.001361869670101875,0.0056658204890000004,0.0009254049564035594,0.0037903434830348698,-0.00453787113341415,-0.004324348372059473,0.0008630528544466574,-6.60176196587666e-05,0.003028500489,-4.650886680452115e-05,0.0014865738740156792,-0.0002642491363450828,0.0040174954890000005,0.0008630528544466574,-0.005178439417478183,0.003530108847980193,0.0008630528544466574,-0.005391962178832862,-6.60176196587666e-05,-0.0001830701367842393,-0.004324348372059473,-0.004110825610704795,0.004310812753144223,0.004676825489,-0.00030012265390971197,-0.00020563651627031505,0.0009762840092492218,0.004310812753144223,-0.00016356138392999384,-0.0001440526310757484,-0.0002642491363450828,0.0008877316362115114,0.004676825489,0.0009172490938907483,0.0017983343838001902,0.003530108847980193,-0.004324348372059473,0.0008007007524897552,0.003920460800562208,-0.00012454387822150292,0.0036602261655075317,-0.0002642491363450828,0.00011684581558237809,-0.005178439417478183,0.0007401443478153274,0.001050109160317364,0.0009172490938907483,-0.004110825610704795,0.0033999915304528546,-0.0003814743764946182,0.003920460800562208,-0.004324348372059473,0.005006490489000001,0.005995485489,-0.0003228617564198505,0.004701164705726238,0.0007106268901360905,-0.006246053224251572,7.743523075499777e-05,-6.60176196587666e-05,0.0010353189246076954,0.004571047388198899,7.086679995043438e-05,-0.004110825610704795,0.004347160489,-6.60176196587666e-05,-0.004110825610704795
PROP_79,-0.0005612068327907426,0.0008774786238457219,-0.0004287269129591657,-0.0008287605072038704,0.00045548640000000004,0.00020168640000000002,0.00028628640000000004,-4.599195128063528e-05,-0.0005612068327907426,-0.0007974574225565373,-0.0004586125720910211,0.0009699229456664741,-5.0998368375168106e-05,0.0015305072397749436,-8.60432880368979e-05,0.0010399959824300327,-0.0006256388118177775,-0.0005062546917323147,-0.00048243363191166795,0.0009699229456664741,0.00028628640000000004,-4.599195128063528e-05,0.00020168640000000002,0.0016706533133020608,-0.00019486336284599913,-6.101120256423377e-05,0.0009699229456664741,-0.0005777178711942552,-0.0005826841591330875,0.0009699229456664741,-0.0006015389310149021,0.00028628640000000004,0.0007938864000000001,-0.00048243363191166795,-0.0004586125720910211,-0.0007115481171871573,-7.102403675329942e-05,0.0013014864,-0.00015164107492877813,0.001071935156971519,-0.0007115481171871573,0.0007092864,0.0006246864000000001,-0.00019486336284599913,0.0009747068904086206,-7.102403675329942e-05,0.0010071163125962535,0.0020210184971198543,-0.0005826841591330875,-0.00048243363191166795,0.0008998499089029153,-0.0006471161381601225,0.0005400864,-0.0006041614854754325,-0.00019486336284599913,-0.0006469270552744592,-0.0005777178711942552,0.0008126597794704564,0.00118014205595715,0.0010071163125962535,-0.0004586125720910211,-0.0005612068327907426,-0.0002813079386804411,-0.0006471161381601225,-0.00048243363191166795,-7.603045384783224e-05,-9.104970513143073e-05,-0.00023808565076322013,-0.0007759800962141923,0.0007802503572828234,-0.0006968231702974894,-0.0004287269129591657,0.00028628640000000004,0.001136754001346785,-0.0007545027698718474,-0.0003923602225732835,-0.0004586125720910211,-6.60176196587666e-05,0.00028628640000000004,-0.0004586125720910211
PROP_80,-0.0025171144990107485,-0.004605530102664077,0.0014229598822427666,0.002750685618494394,-0.0007296601915301588,-0.0003230887623714522,-0.0004586125720910211,-0.0028638550160997277,-0.0025171144990107485,-0.0035767412714471725,0.009266372644,-0.0009277241985932149,-0.0031755976647509943,-0.0014639189729506387,-0.005357796205309862,-0.0009947485453878928,-0.0028061036187661367,0.010228992644,0.009747682644,-0.0009277241985932149,-0.0004586125720910211,-0.0028638550160997277,-0.0003230887623714522,-0.0015979676665399947,0.0001498434719443201,-0.003799082962053528,-0.0009277241985932149,0.011672922644,-0.002613444205595878,-0.0009277241985932149,0.012154232644000002,-0.0004586125720910211,-0.0012717554304084344,0.009747682644,0.009266372644,-0.0031914224451066544,-0.004422568259356061,-0.0020848982887258474,0.00011660696410466077,-0.005626153731129826,-0.0031914224451066544,-0.0011362316206888655,-0.0010007078109692967,0.0001498434719443201,-0.005115841916896952,-0.004422568259356061,-0.005285945854974577,-0.0019330894005133849,-0.002613444205595878,0.009747682644,-0.0008606998517985369,-0.0029024333253512666,-0.0008651840012497276,-0.0027097739121810073,0.0001498434719443201,0.0021471739201982,0.011672922644,-0.0042653222265088275,-0.001128797238977249,-0.005285945854974577,0.009266372644,-0.0025171144990107485,0.00021631648762363877,-0.0029024333253512666,0.009747682644,-0.0047343109080073284,-0.005669538853961128,0.00018307997978397943,-0.003480411564862043,-0.004095218288431202,0.014079472644,0.0014229598822427666,-0.0004586125720910211,-0.005966361607285075,-0.0033840818582769132,0.0013022575425835278,0.009266372644,-0.004110825610704795,-0.0004586125720910211,0.009266372644
