,PROP_01,PROP_02,PROP_03,PROP_04,PROP_05,PROP_06,PROP_07,PROP_08,PROP_09,PROP_10,PROP_11,PROP_12,PROP_13,PROP_14,PROP_15,PROP_16,PROP_17,PROP_18,PROP_19,PROP_20,PROP_21,PROP_22,PROP_23,PROP_24,PROP_25,PROP_26,PROP_27,PROP_28,PROP_29,PROP_30,PROP_31,PROP_32,PROP_33,PROP_34,PROP_35,PROP_36,PROP_37,PROP_38,PROP_39,PROP_40,PROP_41,PROP_42,PROP_43,PROP_44,PROP_45,PROP_46,PROP_47,PROP_48,PROP_49,PROP_50,PROP_51,PROP_52,PROP_53,PROP_54,PROP_55,PROP_56,PROP_57,PROP_58,PROP_59,PROP_60,PROP_61,PROP_62,PROP_63,PROP_64,PROP_65,PROP_66,PROP_67,PROP_68,PROP_69,PROP_70,PROP_71,PROP_72,PROP_73,PROP_74,PROP_75,PROP_76,PROP_77,PROP_78,PROP_79,PROP_80
PROP_01,0.017069703025536117,0.002378485825955626,-0.0017980590531091328,-0.0017980590531091328,-0.00039537992918000676,-0.00039537992918000676,-0.00039537992918000676,0.002110797357812,0.017069703025536117,0.017069703025536117,-0.002386381646197827,-0.0020188049080305283,0.002110797357812,-0.0020188049080305283,0.002110797357812,-0.0020188049080305283,0.017069703025536117,-0.002386381646197827,-0.002386381646197827,-0.0020188049080305283,-0.00039537992918000676,0.002110797357812,-0.00039537992918000676,-0.0020188049080305283,4.2117598653677076e-05,0.002110797357812,-0.0020188049080305283,-0.002386381646197827,0.017069703025536117,-0.0020188049080305283,-0.002386381646197827,-0.00039537992918000676,-0.00039537992918000676,-0.002386381646197827,-0.002386381646197827,0.017069703025536117,0.002110797357812,-0.00039537992918000676,4.2117598653677076e-05,0.002378485825955626,0.017069703025536117,-0.00039537992918000676,-0.00039537992918000676,4.2117598653677076e-05,0.002378485825955626,0.002110797357812,0.002378485825955626,-0.0020188049080305283,0.017069703025536117,-0.002386381646197827,-0.0020188049080305283,0.017069703025536117,-0.00039537992918000676,0.017069703025536117,4.2117598653677076e-05,-0.0017980590531091328,-0.002386381646197827,0.002378485825955626,-0.0020188049080305283,0.002378485825955626,-0.002386381646197827,0.017069703025536117,4.2117598653677076e-05,0.017069703025536117,-0.002386381646197827,0.002110797357812,0.002110797357812,4.2117598653677076e-05,0.017069703025536117,0.002378485825955626,-0.002386381646197827,-0.0017980590531091328,-0.00039537992918000676,0.002378485825955626,0.017069703025536117,-0.0017980590531091328,-0.002386381646197827,0.002110797357812,-0.00039537992918000676,-0.002386381646197827
PROP_02,0.002378485825955626,0.014714980836300356,-0.0012800123317198342,-0.0012800123317198342,0.0005497011103504401,0.0005497011103504401,0.0005497011103504401,0.0004411754248400066,0.002378485825955626,0.002378485825955626,-0.003882531193238533,-0.00037287486266380566,0.0004411754248400066,-0.00037287486266380566,0.0004411754248400066,-0.00037287486266380566,0.002378485825955626,-0.003882531193238533,-0.003882531193238533,-0.00037287486266380566,0.0005497011103504401,0.0004411754248400066,0.0005497011103504401,-0.00037287486266380566,-0.0012214800537365539,0.0004411754248400066,-0.00037287486266380566,-0.003882531193238533,0.002378485825955626,-0.00037287486266380566,-0.003882531193238533,0.0005497011103504401,0.0005497011103504401,-0.003882531193238533,-0.003882531193238533,0.002378485825955626,0.0004411754248400066,0.0005497011103504401,-0.0012214800537365539,0.014489980836300357,0.002378485825955626,0.0005497011103504401,0.0005497011103504401,-0.0012214800537365539,0.014489980836300357,0.0004411754248400066,0.014489980836300357,-0.00037287486266380566,0.002378485825955626,-0.003882531193238533,-0.00037287486266380566,0.002378485825955626,0.0005497011103504401,0.002378485825955626,-0.0012214800537365539,-0.0012800123317198342,-0.003882531193238533,0.014489980836300357,-0.00037287486266380566,0.014489980836300357,-0.003882531193238533,0.002378485825955626,-0.0012214800537365539,0.002378485825955626,-0.003882531193238533,0.0004411754248400066,0.0004411754248400066,-0.0012214800537365539,0.002378485825955626,0.014489980836300357,-0.003882531193238533,-0.0012800123317198342,0.0005497011103504401,0.014489980836300357,0.002378485825955626,-0.0012800123317198342,-0.003882531193238533,0.0004411754248400066,0.0005497011103504401,-0.003882531193238533
PROP_03,-0.0017980590531091328,-0.0012800123317198342,0.0029350512180974122,0.0029100512180974124,-0.00027642385282527116,-0.00027642385282527116,-0.00027642385282527116,4.399571736093841e-05,-0.0017980590531091328,-0.0017980590531091328,0.0012346182285774845,-0.0011520667396141362,4.399571736093841e-05,-0.0011520667396141362,4.399571736093841e-05,-0.0011520667396141362,-0.0017980590531091328,0.0012346182285774845,0.0012346182285774845,-0.0011520667396141362,-0.00027642385282527116,4.399571736093841e-05,-0.00027642385282527116,-0.0011520667396141362,9.675804227001359e-05,4.399571736093841e-05,-0.0011520667396141362,0.0012346182285774845,-0.0017980590531091328,-0.0011520667396141362,0.0012346182285774845,-0.00027642385282527116,-0.00027642385282527116,0.0012346182285774845,0.0012346182285774845,-0.0017980590531091328,4.399571736093841e-05,-0.00027642385282527116,9.675804227001359e-05,-0.0012800123317198342,-0.0017980590531091328,-0.00027642385282527116,-0.00027642385282527116,9.675804227001359e-05,-0.0012800123317198342,4.399571736093841e-05,-0.0012800123317198342,-0.0011520667396141362,-0.0017980590531091328,0.0012346182285774845,-0.0011520667396141362,-0.0017980590531091328,-0.00027642385282527116,-0.0017980590531091328,9.675804227001359e-05,0.0029100512180974124,0.0012346182285774845,-0.0012800123317198342,-0.0011520667396141362,-0.0012800123317198342,0.0012346182285774845,-0.0017980590531091328,9.675804227001359e-05,-0.0017980590531091328,0.0012346182285774845,4.399571736093841e-05,4.399571736093841e-05,9.675804227001359e-05,-0.0017980590531091328,-0.0012800123317198342,0.0012346182285774845,0.0029100512180974124,-0.00027642385282527116,-0.0012800123317198342,-0.0017980590531091328,0.0029100512180974124,0.0012346182285774845,4.399571736093841e-05,-0.00027642385282527116,0.0012346182285774845
PROP_04,-0.0017980590531091328,-0.0012800123317198342,0.0029100512180974124,0.004710051218097412,-0.00027642385282527116,-0.00027642385282527116,-0.00027642385282527116,4.399571736093841e-05,-0.0017980590531091328,-0.0017980590531091328,0.0012346182285774845,-0.0011520667396141362,4.399571736093841e-05,-0.0011520667396141362,4.399571736093841e-05,-0.0011520667396141362,-0.0017980590531091328,0.0012346182285774845,0.0012346182285774845,-0.0011520667396141362,-0.00027642385282527116,4.399571736093841e-05,-0.00027642385282527116,-0.0011520667396141362,9.675804227001359e-05,4.399571736093841e-05,-0.0011520667396141362,0.0012346182285774845,-0.0017980590531091328,-0.0011520667396141362,0.0012346182285774845,-0.00027642385282527116,-0.00027642385282527116,0.0012346182285774845,0.0012346182285774845,-0.0017980590531091328,4.399571736093841e-05,-0.00027642385282527116,9.675804227001359e-05,-0.0012800123317198342,-0.0017980590531091328,-0.00027642385282527116,-0.00027642385282527116,9.675804227001359e-05,-0.0012800123317198342,4.399571736093841e-05,-0.0012800123317198342,-0.0011520667396141362,-0.0017980590531091328,0.0012346182285774845,-0.0011520667396141362,-0.0017980590531091328,-0.00027642385282527116,-0.0017980590531091328,9.675804227001359e-05,0.0029100512180974124,0.0012346182285774845,-0.0012800123317198342,-0.0011520667396141362,-0.0012800123317198342,0.0012346182285774845,-0.0017980590531091328,9.675804227001359e-05,-0.0017980590531091328,0.0012346182285774845,4.399571736093841e-05,4.399571736093841e-05,9.675804227001359e-05,-0.0017980590531091328,-0.0012800123317198342,0.0012346182285774845,0.0029100512180974124,-0.00027642385282527116,-0.0012800123317198342,-0.0017980590531091328,0.0029100512180974124,0.0012346182285774845,4.399571736093841e-05,-0.00027642385282527116,0.0012346182285774845
PROP_05,-0.00039537992918000676,0.0005497011103504401,-0.00027642385282527116,-0.00027642385282527116,0.000367096560846561,0.000142096560846561,0.000142096560846561,-2.887485075252696e-05,-0.00039537992918000676,-0.00039537992918000676,-0.00030631909135835886,0.0006339625593388461,-2.887485075252696e-05,0.0006339625593388461,-2.887485075252696e-05,0.0006339625593388461,-0.00039537992918000676,-0.00030631909135835886,-0.00030631909135835886,0.0006339625593388461,0.000142096560846561,-2.887485075252696e-05,0.000142096560846561,0.0006339625593388461,-7.638009020576806e-05,-2.887485075252696e-05,0.0006339625593388461,-0.00030631909135835886,-0.00039537992918000676,0.0006339625593388461,-0.00030631909135835886,0.000142096560846561,0.000142096560846561,-0.00030631909135835886,-0.00030631909135835886,-0.00039537992918000676,-2.887485075252696e-05,0.000142096560846561,-7.638009020576806e-05,0.0005497011103504401,-0.00039537992918000676,0.000142096560846561,0.000142096560846561,-7.638009020576806e-05,0.0005497011103504401,-2.887485075252696e-05,0.0005497011103504401,0.0006339625593388461,-0.00039537992918000676,-0.00030631909135835886,0.0006339625593388461,-0.00039537992918000676,0.000142096560846561,-0.00039537992918000676,-7.638009020576806e-05,-0.00027642385282527116,-0.00030631909135835886,0.0005497011103504401,0.0006339625593388461,0.0005497011103504401,-0.00030631909135835886,-0.00039537992918000676,-7.638009020576806e-05,-0.00039537992918000676,-0.00030631909135835886,-2.887485075252696e-05,-2.887485075252696e-05,-7.638009020576806e-05,-0.00039537992918000676,0.0005497011103504401,-0.00030631909135835886,-0.00027642385282527116,0.000142096560846561,0.0005497011103504401,-0.00039537992918000676,-0.00027642385282527116,-0.00030631909135835886,-2.887485075252696e-05,0.000142096560846561,-0.00030631909135835886
PROP_06,-0.00039537992918000676,0.0005497011103504401,-0.00027642385282527116,-0.00027642385282527116,0.000142096560846561,0.000142096560846561,0.000142096560846561,-2.887485075252696e-05,-0.00039537992918000676,-0.00039537992918000676,-0.00030631909135835886,0.0006339625593388461,-2.887485075252696e-05,0.0006339625593388461,-2.887485075252696e-05,0.0006339625593388461,-0.00039537992918000676,-0.00030631909135835886,-0.00030631909135835886,0.0006339625593388461,0.000142096560846561,-2.887485075252696e-05,0.000142096560846561,0.0006339625593388461,-7.638009020576806e-05,-2.887485075252696e-05,0.0006339625593388461,-0.00030631909135835886,-0.00039537992918000676,0.0006339625593388461,-0.00030631909135835886,0.000142096560846561,0.000142096560846561,-0.00030631909135835886,-0.00030631909135835886,-0.00039537992918000676,-2.887485075252696e-05,0.000142096560846561,-7.638009020576806e-05,0.0005497011103504401,-0.00039537992918000676,0.000142096560846561,0.000142096560846561,-7.638009020576806e-05,0.0005497011103504401,-2.887485075252696e-05,0.0005497011103504401,0.0006339625593388461,-0.00039537992918000676,-0.00030631909135835886,0.0006339625593388461,-0.00039537992918000676,0.000142096560846561,-0.00039537992918000676,-7.638009020576806e-05,-0.00027642385282527116,-0.00030631909135835886,0.0005497011103504401,0.0006339625593388461,0.0005497011103504401,-0.00030631909135835886,-0.00039537992918000676,-7.638009020576806e-05,-0.00039537992918000676,-0.00030631909135835886,-2.887485075252696e-05,-2.887485075252696e-05,-7.638009020576806e-05,-0.00039537992918000676,0.0005497011103504401,-0.00030631909135835886,-0.00027642385282527116,0.000142096560846561,0.0005497011103504401,-0.00039537992918000676,-0.00027642385282527116,-0.00030631909135835886,-2.887485075252696e-05,0.000142096560846561,-0.00030631909135835886
PROP_07,-0.00039537992918000676,0.0005497011103504401,-0.00027642385282527116,-0.00027642385282527116,0.000142096560846561,0.000142096560846561,0.00016709656084656102,-2.887485075252696e-05,-0.00039537992918000676,-0.00039537992918000676,-0.00030631909135835886,0.0006339625593388461,-2.887485075252696e-05,0.0006339625593388461,-2.887485075252696e-05,0.0006339625593388461,-0.00039537992918000676,-0.00030631909135835886,-0.00030631909135835886,0.0006339625593388461,0.000142096560846561,-2.887485075252696e-05,0.000142096560846561,0.0006339625593388461,-7.638009020576806e-05,-2.887485075252696e-05,0.0006339625593388461,-0.00030631909135835886,-0.00039537992918000676,0.0006339625593388461,-0.00030631909135835886,0.000142096560846561,0.000142096560846561,-0.00030631909135835886,-0.00030631909135835886,-0.00039537992918000676,-2.887485075252696e-05,0.000142096560846561,-7.638009020576806e-05,0.0005497011103504401,-0.00039537992918000676,0.000142096560846561,0.000142096560846561,-7.638009020576806e-05,0.0005497011103504401,-2.887485075252696e-05,0.0005497011103504401,0.0006339625593388461,-0.00039537992918000676,-0.00030631909135835886,0.0006339625593388461,-0.00039537992918000676,0.000142096560846561,-0.00039537992918000676,-7.638009020576806e-05,-0.00027642385282527116,-0.00030631909135835886,0.0005497011103504401,0.0006339625593388461,0.0005497011103504401,-0.00030631909135835886,-0.00039537992918000676,-7.638009020576806e-05,-0.00039537992918000676,-0.00030631909135835886,-2.887485075252696e-05,-2.887485075252696e-05,-7.638009020576806e-05,-0.00039537992918000676,0.0005497011103504401,-0.00030631909135835886,-0.00027642385282527116,0.000142096560846561,0.0005497011103504401,-0.00039537992918000676,-0.00027642385282527116,-0.00030631909135835886,-2.887485075252696e-05,0.000142096560846561,-0.00030631909135835886
PROP_08,0.002110797357812,0.0004411754248400066,4.399571736093841e-05,4.399571736093841e-05,-2.887485075252696e-05,-2.887485075252696e-05,-2.887485075252696e-05,0.0017004929240902558,0.002110797357812,0.002110797357812,-0.002419547764760122,0.0004970966164068219,0.0016754929240902557,0.0004970966164068219,0.0016754929240902557,0.0004970966164068219,0.002110797357812,-0.002419547764760122,-0.002419547764760122,0.0004970966164068219,-2.887485075252696e-05,0.0016754929240902557,-2.887485075252696e-05,0.0004970966164068219,-9.127263483417895e-05,0.0016754929240902557,0.0004970966164068219,-0.002419547764760122,0.002110797357812,0.0004970966164068219,-0.002419547764760122,-2.887485075252696e-05,-2.887485075252696e-05,-0.002419547764760122,-0.002419547764760122,0.002110797357812,0.0016754929240902557,-2.887485075252696e-05,-9.127263483417895e-05,0.0004411754248400066,0.002110797357812,-2.887485075252696e-05,-2.887485075252696e-05,-9.127263483417895e-05,0.0004411754248400066,0.0016754929240902557,0.0004411754248400066,0.0004970966164068219,0.002110797357812,-0.002419547764760122,0.0004970966164068219,0.002110797357812,-2.887485075252696e-05,0.002110797357812,-9.127263483417895e-05,4.399571736093841e-05,-0.002419547764760122,0.0004411754248400066,0.0004970966164068219,0.0004411754248400066,-0.002419547764760122,0.002110797357812,-9.127263483417895e-05,0.002110797357812,-0.002419547764760122,0.0016754929240902557,0.0016754929240902557,-9.127263483417895e-05,0.002110797357812,0.0004411754248400066,-0.002419547764760122,4.399571736093841e-05,-2.887485075252696e-05,0.0004411754248400066,0.002110797357812,4.399571736093841e-05,-0.002419547764760122,0.0016754929240902557,-2.887485075252696e-05,-0.002419547764760122
PROP_09,0.017069703025536117,0.002378485825955626,-0.0017980590531091328,-0.0017980590531091328,-0.00039537992918000676,-0.00039537992918000676,-0.00039537992918000676,0.002110797357812,0.017069703025536117,0.017069703025536117,-0.002386381646197827,-0.0020188049080305283,0.002110797357812,-0.0020188049080305283,0.002110797357812,-0.0020188049080305283,0.017069703025536117,-0.002386381646197827,-0.002386381646197827,-0.0020188049080305283,-0.00039537992918000676,0.002110797357812,-0.00039537992918000676,-0.0020188049080305283,4.2117598653677076e-05,0.002110797357812,-0.0020188049080305283,-0.002386381646197827,0.017069703025536117,-0.0020188049080305283,-0.002386381646197827,-0.00039537992918000676,-0.00039537992918000676,-0.002386381646197827,-0.002386381646197827,0.017069703025536117,0.002110797357812,-0.00039537992918000676,4.2117598653677076e-05,0.002378485825955626,0.017069703025536117,-0.00039537992918000676,-0.00039537992918000676,4.2117598653677076e-05,0.002378485825955626,0.002110797357812,0.002378485825955626,-0.0020188049080305283,0.017069703025536117,-0.002386381646197827,-0.0020188049080305283,0.017069703025536117,-0.00039537992918000676,0.017069703025536117,4.2117598653677076e-05,-0.0017980590531091328,-0.002386381646197827,0.002378485825955626,-0.0020188049080305283,0.002378485825955626,-0.002386381646197827,0.017069703025536117,4.2117598653677076e-05,0.017069703025536117,-0.002386381646197827,0.002110797357812,0.002110797357812,4.2117598653677076e-05,0.017069703025536117,0.002378485825955626,-0.002386381646197827,-0.0017980590531091328,-0.00039537992918000676,0.002378485825955626,0.017069703025536117,-0.0017980590531091328,-0.002386381646197827,0.002110797357812,-0.00039537992918000676,-0.002386381646197827
PROP_10,0.017069703025536117,0.002378485825955626,-0.0017980590531091328,-0.0017980590531091328,-0.00039537992918000676,-0.00039537992918000676,-0.00039537992918000676,0.002110797357812,0.017069703025536117,0.019594703025536116,-0.002386381646197827,-0.0020188049080305283,0.002110797357812,-0.0020188049080305283,0.002110797357812,-0.0020188049080305283,0.017069703025536117,-0.002386381646197827,-0.002386381646197827,-0.0020188049080305283,-0.00039537992918000676,0.002110797357812,-0.00039537992918000676,-0.0020188049080305283,4.2117598653677076e-05,0.002110797357812,-0.0020188049080305283,-0.002386381646197827,0.017069703025536117,-0.0020188049080305283,-0.002386381646197827,-0.00039537992918000676,-0.00039537992918000676,-0.002386381646197827,-0.002386381646197827,0.017069703025536117,0.002110797357812,-0.00039537992918000676,4.2117598653677076e-05,0.002378485825955626,0.017069703025536117,-0.00039537992918000676,-0.00039537992918000676,4.2117598653677076e-05,0.002378485825955626,0.002110797357812,0.002378485825955626,-0.0020188049080305283,0.017069703025536117,-0.002386381646197827,-0.0020188049080305283,0.017069703025536117,-0.00039537992918000676,0.017069703025536117,4.2117598653677076e-05,-0.0017980590531091328,-0.002386381646197827,0.002378485825955626,-0.0020188049080305283,0.002378485825955626,-0.002386381646197827,0.017069703025536117,4.2117598653677076e-05,0.017069703025536117,-0.002386381646197827,0.002110797357812,0.002110797357812,4.2117598653677076e-05,0.017069703025536117,0.002378485825955626,-0.002386381646197827,-0.0017980590531091328,-0.00039537992918000676,0.002378485825955626,0.017069703025536117,-0.0017980590531091328,-0.002386381646197827,0.002110797357812,-0.00039537992918000676,-0.002386381646197827
PROP_11,-0.002386381646197827,-0.003882531193238533,0.0012346182285774845,0.0012346182285774845,-0.00030631909135835886,-0.00030631909135835886,-0.00030631909135835886,-0.002419547764760122,-0.002386381646197827,-0.002386381646197827,0.008353813356439931,-0.0008160006802365553,-0.002419547764760122,-0.0008160006802365553,-0.002419547764760122,-0.0008160006802365553,-0.002386381646197827,0.00832881335643993,0.00832881335643993,-0.0008160006802365553,-0.00030631909135835886,-0.002419547764760122,-0.00030631909135835886,-0.0008160006802365553,7.90374756033509e-05,-0.002419547764760122,-0.0008160006802365553,0.00832881335643993,-0.002386381646197827,-0.0008160006802365553,0.00832881335643993,-0.00030631909135835886,-0.00030631909135835886,0.00832881335643993,0.00832881335643993,-0.002386381646197827,-0.002419547764760122,-0.00030631909135835886,7.90374756033509e-05,-0.003882531193238533,-0.002386381646197827,-0.00030631909135835886,-0.00030631909135835886,7.90374756033509e-05,-0.003882531193238533,-0.002419547764760122,-0.003882531193238533,-0.0008160006802365553,-0.002386381646197827,0.00832881335643993,-0.0008160006802365553,-0.002386381646197827,-0.00030631909135835886,-0.002386381646197827,7.90374756033509e-05,0.0012346182285774845,0.00832881335643993,-0.003882531193238533,-0.0008160006802365553,-0.003882531193238533,0.00832881335643993,-0.002386381646197827,7.90374756033509e-05,-0.002386381646197827,0.00832881335643993,-0.002419547764760122,-0.002419547764760122,7.90374756033509e-05,-0.002386381646197827,-0.003882531193238533,0.00832881335643993,0.0012346182285774845,-0.00030631909135835886,-0.003882531193238533,-0.002386381646197827,0.0012346182285774845,0.00832881335643993,-0.002419547764760122,-0.00030631909135835886,0.00832881335643993
PROP_12,-0.0020188049080305283,-0.00037287486266380566,-0.0011520667396141362,-0.0011520667396141362,0.0006339625593388461,0.0006339625593388461,0.0006339625593388461,0.0004970966164068219,-0.0020188049080305283,-0.0020188049080305283,-0.0008160006802365553,0.004147707290657374,0.0004970966164068219,0.004122707290657374,0.0004970966164068219,0.004122707290657374,-0.0020188049080305283,-0.0008160006802365553,-0.0008160006802365553,0.004122707290657374,0.0006339625593388461,0.0004970966164068219,0.0006339625593388461,0.004122707290657374,-0.00027302358854432304,0.0004970966164068219,0.004122707290657374,-0.0008160006802365553,-0.0020188049080305283,0.004122707290657374,-0.0008160006802365553,0.0006339625593388461,0.0006339625593388461,-0.0008160006802365553,-0.0008160006802365553,-0.0020188049080305283,0.0004970966164068219,0.0006339625593388461,-0.00027302358854432304,-0.00037287486266380566,-0.0020188049080305283,0.0006339625593388461,0.0006339625593388461,-0.00027302358854432304,-0.00037287486266380566,0.0004970966164068219,-0.00037287486266380566,0.004122707290657374,-0.0020188049080305283,-0.0008160006802365553,0.004122707290657374,-0.0020188049080305283,0.0006339625593388461,-0.0020188049080305283,-0.00027302358854432304,-0.0011520667396141362,-0.0008160006802365553,-0.00037287486266380566,0.004122707290657374,-0.00037287486266380566,-0.0008160006802365553,-0.0020188049080305283,-0.00027302358854432304,-0.0020188049080305283,-0.0008160006802365553,0.0004970966164068219,0.0004970966164068219,-0.00027302358854432304,-0.0020188049080305283,-0.00037287486266380566,-0.0008160006802365553,-0.0011520667396141362,0.0006339625593388461,-0.00037287486266380566,-0.0020188049080305283,-0.0011520667396141362,-0.0008160006802365553,0.0004970966164068219,0.0006339625593388461,-0.0008160006802365553
PROP_13,0.002110797357812,0.0004411754248400066,4.399571736093841e-05,4.399571736093841e-05,-2.887485075252696e-05,-2.887485075252696e-05,-2.887485075252696e-05,0.0016754929240902557,0.002110797357812,0.002110797357812,-0.002419547764760122,0.0004970966164068219,0.0017254929240902558,0.0004970966164068219,0.0016754929240902557,0.0004970966164068219,0.002110797357812,-0.002419547764760122,-0.002419547764760122,0.0004970966164068219,-2.887485075252696e-05,0.0016754929240902557,-2.887485075252696e-05,0.0004970966164068219,-9.127263483417895e-05,0.0016754929240902557,0.0004970966164068219,-0.002419547764760122,0.002110797357812,0.0004970966164068219,-0.002419547764760122,-2.887485075252696e-05,-2.887485075252696e-05,-0.002419547764760122,-0.002419547764760122,0.002110797357812,0.0016754929240902557,-2.887485075252696e-05,-9.127263483417895e-05,0.0004411754248400066,0.002110797357812,-2.887485075252696e-05,-2.887485075252696e-05,-9.127263483417895e-05,0.0004411754248400066,0.0016754929240902557,0.0004411754248400066,0.0004970966164068219,0.002110797357812,-0.002419547764760122,0.0004970966164068219,0.002110797357812,-2.887485075252696e-05,0.002110797357812,-9.127263483417895e-05,4.399571736093841e-05,-0.002419547764760122,0.0004411754248400066,0.0004970966164068219,0.0004411754248400066,-0.002419547764760122,0.002110797357812,-9.127263483417895e-05,0.002110797357812,-0.002419547764760122,0.0016754929240902557,0.0016754929240902557,-9.127263483417895e-05,0.002110797357812,0.0004411754248400066,-0.002419547764760122,4.399571736093841e-05,-2.887485075252696e-05,0.0004411754248400066,0.002110797357812,4.399571736093841e-05,-0.002419547764760122,0.0016754929240902557,-2.887485075252696e-05,-0.002419547764760122
PROP_14,-0.0020188049080305283,-0.00037287486266380566,-0.0011520667396141362,-0.0011520667396141362,0.0006339625593388461,0.0006339625593388461,0.0006339625593388461,0.0004970966164068219,-0.0020188049080305283,-0.0020188049080305283,-0.0008160006802365553,0.004122707290657374,0.0004970966164068219,0.005247707290657374,0.0004970966164068219,0.004122707290657374,-0.0020188049080305283,-0.0008160006802365553,-0.0008160006802365553,0.004122707290657374,0.0006339625593388461,0.0004970966164068219,0.0006339625593388461,0.004122707290657374,-0.00027302358854432304,0.0004970966164068219,0.004122707290657374,-0.0008160006802365553,-0.0020188049080305283,0.004122707290657374,-0.0008160006802365553,0.0006339625593388461,0.0006339625593388461,-0.0008160006802365553,-0.0008160006802365553,-0.0020188049080305283,0.0004970966164068219,0.0006339625593388461,-0.00027302358854432304,-0.00037287486266380566,-0.0020188049080305283,0.0006339625593388461,0.0006339625593388461,-0.00027302358854432304,-0.00037287486266380566,0.0004970966164068219,-0.00037287486266380566,0.004122707290657374,-0.0020188049080305283,-0.0008160006802365553,0.004122707290657374,-0.0020188049080305283,0.0006339625593388461,-0.0020188049080305283,-0.00027302358854432304,-0.0011520667396141362,-0.0008160006802365553,-0.00037287486266380566,0.004122707290657374,-0.00037287486266380566,-0.0008160006802365553,-0.0020188049080305283,-0.00027302358854432304,-0.0020188049080305283,-0.0008160006802365553,0.0004970966164068219,0.0004970966164068219,-0.00027302358854432304,-0.0020188049080305283,-0.00037287486266380566,-0.0008160006802365553,-0.0011520667396141362,0.0006339625593388461,-0.00037287486266380566,-0.0020188049080305283,-0.0011520667396141362,-0.0008160006802365553,0.0004970966164068219,0.0006339625593388461,-0.0008160006802365553
PROP_15,0.002110797357812,0.0004411754248400066,4.399571736093841e-05,4.399571736093841e-05,-2.887485075252696e-05,-2.887485075252696e-05,-2.887485075252696e-05,0.0016754929240902557,0.002110797357812,0.002110797357812,-0.002419547764760122,0.0004970966164068219,0.0016754929240902557,0.0004970966164068219,0.0028004929240902556,0.0004970966164068219,0.002110797357812,-0.002419547764760122,-0.002419547764760122,0.0004970966164068219,-2.887485075252696e-05,0.0016754929240902557,-2.887485075252696e-05,0.0004970966164068219,-9.127263483417895e-05,0.0016754929240902557,0.0004970966164068219,-0.002419547764760122,0.002110797357812,0.0004970966164068219,-0.002419547764760122,-2.887485075252696e-05,-2.887485075252696e-05,-0.002419547764760122,-0.002419547764760122,0.002110797357812,0.0016754929240902557,-2.887485075252696e-05,-9.127263483417895e-05,0.0004411754248400066,0.002110797357812,-2.887485075252696e-05,-2.887485075252696e-05,-9.127263483417895e-05,0.0004411754248400066,0.0016754929240902557,0.0004411754248400066,0.0004970966164068219,0.002110797357812,-0.002419547764760122,0.0004970966164068219,0.002110797357812,-2.887485075252696e-05,0.002110797357812,-9.127263483417895e-05,4.399571736093841e-05,-0.002419547764760122,0.0004411754248400066,0.0004970966164068219,0.0004411754248400066,-0.002419547764760122,0.002110797357812,-9.127263483417895e-05,0.002110797357812,-0.002419547764760122,0.0016754929240902557,0.0016754929240902557,-9.127263483417895e-05,0.002110797357812,0.0004411754248400066,-0.002419547764760122,4.399571736093841e-05,-2.887485075252696e-05,0.0004411754248400066,0.002110797357812,4.399571736093841e-05,-0.002419547764760122,0.0016754929240902557,-2.887485075252696e-05,-0.002419547764760122
PROP_16,-0.0020188049080305283,-0.00037287486266380566,-0.0011520667396141362,-0.0011520667396141362,0.0006339625593388461,0.0006339625593388461,0.0006339625593388461,0.0004970966164068219,-0.0020188049080305283,-0.0020188049080305283,-0.0008160006802365553,0.004122707290657374,0.0004970966164068219,0.004122707290657374,0.0004970966164068219,0.0041727072906573735,-0.0020188049080305283,-0.0008160006802365553,-0.0008160006802365553,0.004122707290657374,0.0006339625593388461,0.0004970966164068219,0.0006339625593388461,0.004122707290657374,-0.00027302358854432304,0.0004970966164068219,0.004122707290657374,-0.0008160006802365553,-0.0020188049080305283,0.004122707290657374,-0.0008160006802365553,0.0006339625593388461,0.0006339625593388461,-0.0008160006802365553,-0.0008160006802365553,-0.0020188049080305283,0.0004970966164068219,0.0006339625593388461,-0.00027302358854432304,-0.00037287486266380566,-0.0020188049080305283,0.0006339625593388461,0.0006339625593388461,-0.00027302358854432304,-0.00037287486266380566,0.0004970966164068219,-0.00037287486266380566,0.004122707290657374,-0.0020188049080305283,-0.0008160006802365553,0.004122707290657374,-0.0020188049080305283,0.0006339625593388461,-0.0020188049080305283,-0.00027302358854432304,-0.0011520667396141362,-0.0008160006802365553,-0.00037287486266380566,0.004122707290657374,-0.00037287486266380566,-0.0008160006802365553,-0.0020188049080305283,-0.00027302358854432304,-0.0020188049080305283,-0.0008160006802365553,0.0004970966164068219,0.0004970966164068219,-0.00027302358854432304,-0.0020188049080305283,-0.00037287486266380566,-0.0008160006802365553,-0.0011520667396141362,0.0006339625593388461,-0.00037287486266380566,-0.0020188049080305283,-0.0011520667396141362,-0.0008160006802365553,0.0004970966164068219,0.0006339625593388461,-0.0008160006802365553
PROP_17,0.017069703025536117,0.002378485825955626,-0.0017980590531091328,-0.0017980590531091328,-0.00039537992918000676,-0.00039537992918000676,-0.00039537992918000676,0.002110797357812,0.017069703025536117,0.017069703025536117,-0.002386381646197827,-0.0020188049080305283,0.002110797357812,-0.0020188049080305283,0.002110797357812,-0.0020188049080305283,0.017294703025536116,-0.002386381646197827,-0.002386381646197827,-0.0020188049080305283,-0.00039537992918000676,0.002110797357812,-0.00039537992918000676,-0.0020188049080305283,4.2117598653677076e-05,0.002110797357812,-0.0020188049080305283,-0.002386381646197827,0.017069703025536117,-0.0020188049080305283,-0.002386381646197827,-0.00039537992918000676,-0.00039537992918000676,-0.002386381646197827,-0.002386381646197827,0.017069703025536117,0.002110797357812,-0.00039537992918000676,4.2117598653677076e-05,0.002378485825955626,0.017069703025536117,-0.00039537992918000676,-0.00039537992918000676,4.2117598653677076e-05,0.002378485825955626,0.002110797357812,0.002378485825955626,-0.0020188049080305283,0.017069703025536117,-0.002386381646197827,-0.0020188049080305283,0.017069703025536117,-0.00039537992918000676,0.017069703025536117,4.2117598653677076e-05,-0.0017980590531091328,-0.002386381646197827,0.002378485825955626,-0.0020188049080305283,0.002378485825955626,-0.002386381646197827,0.017069703025536117,4.2117598653677076e-05,0.017069703025536117,-0.002386381646197827,0.002110797357812,0.002110797357812,4.2117598653677076e-05,0.017069703025536117,0.002378485825955626,-0.002386381646197827,-0.0017980590531091328,-0.00039537992918000676,0.002378485825955626,0.017069703025536117,-0.0017980590531091328,-0.002386381646197827,0.002110797357812,-0.00039537992918000676,-0.002386381646197827
PROP_18,-0.002386381646197827,-0.003882531193238533,0.0012346182285774845,0.0012346182285774845,-0.00030631909135835886,-0.00030631909135835886,-0.00030631909135835886,-0.002419547764760122,-0.002386381646197827,-0.002386381646197827,0.00832881335643993,-0.0008160006802365553,-0.002419547764760122,-0.0008160006802365553,-0.002419547764760122,-0.0008160006802365553,-0.002386381646197827,0.00855381335643993,0.00832881335643993,-0.0008160006802365553,-0.00030631909135835886,-0.002419547764760122,-0.00030631909135835886,-0.0008160006802365553,7.90374756033509e-05,-0.002419547764760122,-0.0008160006802365553,0.00832881335643993,-0.002386381646197827,-0.0008160006802365553,0.00832881335643993,-0.00030631909135835886,-0.00030631909135835886,0.00832881335643993,0.00832881335643993,-0.002386381646197827,-0.002419547764760122,-0.00030631909135835886,7.90374756033509e-05,-0.003882531193238533,-0.002386381646197827,-0.00030631909135835886,-0.00030631909135835886,7.90374756033509e-05,-0.003882531193238533,-0.002419547764760122,-0.003882531193238533,-0.0008160006802365553,-0.002386381646197827,0.00832881335643993,-0.0008160006802365553,-0.002386381646197827,-0.00030631909135835886,-0.002386381646197827,7.90374756033509e-05,0.0012346182285774845,0.00832881335643993,-0.003882531193238533,-0.0008160006802365553,-0.003882531193238533,0.00832881335643993,-0.002386381646197827,7.90374756033509e-05,-0.002386381646197827,0.00832881335643993,-0.002419547764760122,-0.002419547764760122,7.90374756033509e-05,-0.002386381646197827,-0.003882531193238533,0.00832881335643993,0.0012346182285774845,-0.00030631909135835886,-0.003882531193238533,-0.002386381646197827,0.0012346182285774845,0.00832881335643993,-0.002419547764760122,-0.00030631909135835886,0.00832881335643993
PROP_19,-0.002386381646197827,-0.003882531193238533,0.0012346182285774845,0.0012346182285774845,-0.00030631909135835886,-0.00030631909135835886,-0.00030631909135835886,-0.002419547764760122,-0.002386381646197827,-0.002386381646197827,0.00832881335643993,-0.0008160006802365553,-0.002419547764760122,-0.0008160006802365553,-0.002419547764760122,-0.0008160006802365553,-0.002386381646197827,0.00832881335643993,0.008378813356439932,-0.0008160006802365553,-0.00030631909135835886,-0.002419547764760122,-0.00030631909135835886,-0.0008160006802365553,7.90374756033509e-05,-0.002419547764760122,-0.0008160006802365553,0.00832881335643993,-0.002386381646197827,-0.0008160006802365553,0.00832881335643993,-0.00030631909135835886,-0.00030631909135835886,0.00832881335643993,0.00832881335643993,-0.002386381646197827,-0.002419547764760122,-0.00030631909135835886,7.90374756033509e-05,-0.003882531193238533,-0.002386381646197827,-0.00030631909135835886,-0.00030631909135835886,7.90374756033509e-05,-0.003882531193238533,-0.002419547764760122,-0.003882531193238533,-0.0008160006802365553,-0.002386381646197827,0.00832881335643993,-0.0008160006802365553,-0.002386381646197827,-0.00030631909135835886,-0.002386381646197827,7.90374756033509e-05,0.0012346182285774845,0.00832881335643993,-0.003882531193238533,-0.0008160006802365553,-0.003882531193238533,0.00832881335643993,-0.002386381646197827,7.90374756033509e-05,-0.002386381646197827,0.00832881335643993,-0.002419547764760122,-0.002419547764760122,7.90374756033509e-05,-0.002386381646197827,-0.003882531193238533,0.00832881335643993,0.0012346182285774845,-0.00030631909135835886,-0.003882531193238533,-0.002386381646197827,0.0012346182285774845,0.00832881335643993,-0.002419547764760122,-0.00030631909135835886,0.00832881335643993
PROP_20,-0.0020188049080305283,-0.00037287486266380566,-0.0011520667396141362,-0.0011520667396141362,0.0006339625593388461,0.0006339625593388461,0.0006339625593388461,0.0004970966164068219,-0.0020188049080305283,-0.0020188049080305283,-0.0008160006802365553,0.004122707290657374,0.0004970966164068219,0.004122707290657374,0.0004970966164068219,0.004122707290657374,-0.0020188049080305283,-0.0008160006802365553,-0.0008160006802365553,0.004147707290657374,0.0006339625593388461,0.0004970966164068219,0.0006339625593388461,0.004122707290657374,-0.00027302358854432304,0.0004970966164068219,0.004122707290657374,-0.0008160006802365553,-0.0020188049080305283,0.004122707290657374,-0.0008160006802365553,0.0006339625593388461,0.0006339625593388461,-0.0008160006802365553,-0.0008160006802365553,-0.0020188049080305283,0.0004970966164068219,0.0006339625593388461,-0.00027302358854432304,-0.00037287486266380566,-0.0020188049080305283,0.0006339625593388461,0.0006339625593388461,-0.00027302358854432304,-0.00037287486266380566,0.0004970966164068219,-0.00037287486266380566,0.004122707290657374,-0.0020188049080305283,-0.0008160006802365553,0.004122707290657374,-0.0020188049080305283,0.0006339625593388461,-0.0020188049080305283,-0.00027302358854432304,-0.0011520667396141362,-0.0008160006802365553,-0.00037287486266380566,0.004122707290657374,-0.00037287486266380566,-0.0008160006802365553,-0.0020188049080305283,-0.00027302358854432304,-0.0020188049080305283,-0.0008160006802365553,0.0004970966164068219,0.0004970966164068219,-0.00027302358854432304,-0.0020188049080305283,-0.00037287486266380566,-0.0008160006802365553,-0.0011520667396141362,0.0006339625593388461,-0.00037287486266380566,-0.0020188049080305283,-0.0011520667396141362,-0.0008160006802365553,0.0004970966164068219,0.0006339625593388461,-0.0008160006802365553
PROP_21,-0.00039537992918000676,0.0005497011103504401,-0.00027642385282527116,-0.00027642385282527116,0.000142096560846561,0.000142096560846561,0.000142096560846561,-2.887485075252696e-05,-0.00039537992918000676,-0.00039537992918000676,-0.00030631909135835886,0.0006339625593388461,-2.887485075252696e-05,0.0006339625593388461,-2.887485075252696e-05,0.0006339625593388461,-0.00039537992918000676,-0.00030631909135835886,-0.00030631909135835886,0.0006339625593388461,0.00016709656084656102,-2.887485075252696e-05,0.000142096560846561,0.0006339625593388461,-7.638009020576806e-05,-2.887485075252696e-05,0.0006339625593388461,-0.00030631909135835886,-0.00039537992918000676,0.0006339625593388461,-0.00030631909135835886,0.000142096560846561,0.000142096560846561,-0.00030631909135835886,-0.00030631909135835886,-0.00039537992918000676,-2.887485075252696e-05,0.000142096560846561,-7.638009020576806e-05,0.0005497011103504401,-0.00039537992918000676,0.000142096560846561,0.000142096560846561,-7.638009020576806e-05,0.0005497011103504401,-2.887485075252696e-05,0.0005497011103504401,0.0006339625593388461,-0.00039537992918000676,-0.00030631909135835886,0.0006339625593388461,-0.00039537992918000676,0.000142096560846561,-0.00039537992918000676,-7.638009020576806e-05,-0.00027642385282527116,-0.00030631909135835886,0.0005497011103504401,0.0006339625593388461,0.0005497011103504401,-0.00030631909135835886,-0.00039537992918000676,-7.638009020576806e-05,-0.00039537992918000676,-0.00030631909135835886,-2.887485075252696e-05,-2.887485075252696e-05,-7.638009020576806e-05,-0.00039537992918000676,0.0005497011103504401,-0.00030631909135835886,-0.00027642385282527116,0.000142096560846561,0.0005497011103504401,-0.00039537992918000676,-0.00027642385282527116,-0.00030631909135835886,-2.887485075252696e-05,0.000142096560846561,-0.00030631909135835886
PROP_22,0.002110797357812,0.0004411754248400066,4.399571736093841e-05,4.399571736093841e-05,-2.887485075252696e-05,-2.887485075252696e-05,-2.887485075252696e-05,0.0016754929240902557,0.002110797357812,0.002110797357812,-0.002419547764760122,0.0004970966164068219,0.0016754929240902557,0.0004970966164068219,0.0016754929240902557,0.0004970966164068219,0.002110797357812,-0.002419547764760122,-0.002419547764760122,0.0004970966164068219,-2.887485075252696e-05,0.0017004929240902558,-2.887485075252696e-05,0.0004970966164068219,-9.127263483417895e-05,0.0016754929240902557,0.0004970966164068219,-0.002419547764760122,0.002110797357812,0.0004970966164068219,-0.002419547764760122,-2.887485075252696e-05,-2.887485075252696e-05,-0.002419547764760122,-0.002419547764760122,0.002110797357812,0.0016754929240902557,-2.887485075252696e-05,-9.127263483417895e-05,0.0004411754248400066,0.002110797357812,-2.887485075252696e-05,-2.887485075252696e-05,-9.127263483417895e-05,0.0004411754248400066,0.0016754929240902557,0.0004411754248400066,0.0004970966164068219,0.002110797357812,-0.002419547764760122,0.0004970966164068219,0.002110797357812,-2.887485075252696e-05,0.002110797357812,-9.127263483417895e-05,4.399571736093841e-05,-0.002419547764760122,0.0004411754248400066,0.0004970966164068219,0.0004411754248400066,-0.002419547764760122,0.002110797357812,-9.127263483417895e-05,0.002110797357812,-0.002419547764760122,0.0016754929240902557,0.0016754929240902557,-9.127263483417895e-05,0.002110797357812,0.0004411754248400066,-0.002419547764760122,4.399571736093841e-05,-2.887485075252696e-05,0.0004411754248400066,0.002110797357812,4.399571736093841e-05,-0.002419547764760122,0.0016754929240902557,-2.887485075252696e-05,-0.002419547764760122
PROP_23,-0.00039537992918000676,0.0005497011103504401,-0.00027642385282527116,-0.00027642385282527116,0.000142096560846561,0.000142096560846561,0.000142096560846561,-2.887485075252696e-05,-0.00039537992918000676,-0.00039537992918000676,-0.00030631909135835886,0.0006339625593388461,-2.887485075252696e-05,0.0006339625593388461,-2.887485075252696e-05,0.0006339625593388461,-0.00039537992918000676,-0.00030631909135835886,-0.00030631909135835886,0.0006339625593388461,0.000142096560846561,-2.887485075252696e-05,0.000142096560846561,0.0006339625593388461,-7.638009020576806e-05,-2.887485075252696e-05,0.0006339625593388461,-0.00030631909135835886,-0.00039537992918000676,0.0006339625593388461,-0.00030631909135835886,0.000142096560846561,0.000142096560846561,-0.00030631909135835886,-0.00030631909135835886,-0.00039537992918000676,-2.887485075252696e-05,0.000142096560846561,-7.638009020576806e-05,0.0005497011103504401,-0.00039537992918000676,0.000142096560846561,0.000142096560846561,-7.638009020576806e-05,0.0005497011103504401,-2.887485075252696e-05,0.0005497011103504401,0.0006339625593388461,-0.00039537992918000676,-0.00030631909135835886,0.0006339625593388461,-0.00039537992918000676,0.000142096560846561,-0.00039537992918000676,-7.638009020576806e-05,-0.00027642385282527116,-0.00030631909135835886,0.0005497011103504401,0.0006339625593388461,0.0005497011103504401,-0.00030631909135835886,-0.00039537992918000676,-7.638009020576806e-05,-0.00039537992918000676,-0.00030631909135835886,-2.887485075252696e-05,-2.887485075252696e-05,-7.638009020576806e-05,-0.00039537992918000676,0.0005497011103504401,-0.00030631909135835886,-0.00027642385282527116,0.000142096560846561,0.0005497011103504401,-0.00039537992918000676,-0.00027642385282527116,-0.00030631909135835886,-2.887485075252696e-05,0.000142096560846561,-0.00030631909135835886
PROP_24,-0.0020188049080305283,-0.00037287486266380566,-0.0011520667396141362,-0.0011520667396141362,0.0006339625593388461,0.0006339625593388461,0.0006339625593388461,0.0004970966164068219,-0.0020188049080305283,-0.0020188049080305283,-0.0008160006802365553,0.004122707290657374,0.0004970966164068219,0.004122707290657374,0.0004970966164068219,0.004122707290657374,-0.0020188049080305283,-0.0008160006802365553,-0.0008160006802365553,0.004122707290657374,0.0006339625593388461,0.0004970966164068219,0.0006339625593388461,0.006647707290657374,-0.00027302358854432304,0.0004970966164068219,0.004122707290657374,-0.0008160006802365553,-0.0020188049080305283,0.004122707290657374,-0.0008160006802365553,0.0006339625593388461,0.0006339625593388461,-0.0008160006802365553,-0.0008160006802365553,-0.0020188049080305283,0.0004970966164068219,0.0006339625593388461,-0.00027302358854432304,-0.00037287486266380566,-0.0020188049080305283,0.0006339625593388461,0.0006339625593388461,-0.00027302358854432304,-0.00037287486266380566,0.0004970966164068219,-0.00037287486266380566,0.004122707290657374,-0.0020188049080305283,-0.0008160006802365553,0.004122707290657374,-0.0020188049080305283,0.0006339625593388461,-0.0020188049080305283,-0.00027302358854432304,-0.0011520667396141362,-0.0008160006802365553,-0.00037287486266380566,0.004122707290657374,-0.00037287486266380566,-0.0008160006802365553,-0.0020188049080305283,-0.00027302358854432304,-0.0020188049080305283,-0.0008160006802365553,0.0004970966164068219,0.0004970966164068219,-0.00027302358854432304,-0.0020188049080305283,-0.00037287486266380566,-0.0008160006802365553,-0.0011520667396141362,0.0006339625593388461,-0.00037287486266380566,-0.0020188049080305283,-0.0011520667396141362,-0.0008160006802365553,0.0004970966164068219,0.0006339625593388461,-0.0008160006802365553
PROP_25,4.2117598653677076e-05,-0.0012214800537365539,9.675804227001359e-05,9.675804227001359e-05,-7.638009020576806e-05,-7.638009020576806e-05,-7.638009020576806e-05,-9.127263483417895e-05,4.2117598653677076e-05,4.2117598653677076e-05,7.90374756033509e-05,-0.00027302358854432304,-9.127263483417895e-05,-0.00027302358854432304,-9.127263483417895e-05,-0.00027302358854432304,4.2117598653677076e-05,7.90374756033509e-05,7.90374756033509e-05,-0.00027302358854432304,-7.638009020576806e-05,-9.127263483417895e-05,-7.638009020576806e-05,-0.00027302358854432304,0.00020729031752066932,-9.127263483417895e-05,-0.00027302358854432304,7.90374756033509e-05,4.2117598653677076e-05,-0.00027302358854432304,7.90374756033509e-05,-7.638009020576806e-05,-7.638009020576806e-05,7.90374756033509e-05,7.90374756033509e-05,4.2117598653677076e-05,-9.127263483417895e-05,-7.638009020576806e-05,0.0001572903175206693,-0.0012214800537365539,4.2117598653677076e-05,-7.638009020576806e-05,-7.638009020576806e-05,0.0001572903175206693,-0.0012214800537365539,-9.127263483417895e-05,-0.0012214800537365539,-0.00027302358854432304,4.2117598653677076e-05,7.90374756033509e-05,-0.00027302358854432304,4.2117598653677076e-05,-7.638009020576806e-05,4.2117598653677076e-05,0.0001572903175206693,9.675804227001359e-05,7.90374756033509e-05,-0.0012214800537365539,-0.00027302358854432304,-0.0012214800537365539,7.90374756033509e-05,4.2117598653677076e-05,0.0001572903175206693,4.2117598653677076e-05,7.90374756033509e-05,-9.127263483417895e-05,-9.127263483417895e-05,0.0001572903175206693,4.2117598653677076e-05,-0.0012214800537365539,7.90374756033509e-05,9.675804227001359e-05,-7.638009020576806e-05,-0.0012214800537365539,4.2117598653677076e-05,9.675804227001359e-05,7.90374756033509e-05,-9.127263483417895e-05,-7.638009020576806e-05,7.90374756033509e-05
PROP_26,0.002110797357812,0.0004411754248400066,4.399571736093841e-05,4.399571736093841e-05,-2.887485075252696e-05,-2.887485075252696e-05,-2.887485075252696e-05,0.0016754929240902557,0.002110797357812,0.002110797357812,-0.002419547764760122,0.0004970966164068219,0.0016754929240902557,0.0004970966164068219,0.0016754929240902557,0.0004970966164068219,0.002110797357812,-0.002419547764760122,-0.002419547764760122,0.0004970966164068219,-2.887485075252696e-05,0.0016754929240902557,-2.887485075252696e-05,0.0004970966164068219,-9.127263483417895e-05,0.0019254929240902557,0.0004970966164068219,-0.002419547764760122,0.002110797357812,0.0004970966164068219,-0.002419547764760122,-2.887485075252696e-05,-2.887485075252696e-05,-0.002419547764760122,-0.002419547764760122,0.002110797357812,0.0016754929240902557,-2.887485075252696e-05,-9.127263483417895e-05,0.0004411754248400066,0.002110797357812,-2.887485075252696e-05,-2.887485075252696e-05,-9.127263483417895e-05,0.0004411754248400066,0.0016754929240902557,0.0004411754248400066,0.0004970966164068219,0.002110797357812,-0.002419547764760122,0.0004970966164068219,0.002110797357812,-2.887485075252696e-05,0.002110797357812,-9.127263483417895e-05,4.399571736093841e-05,-0.002419547764760122,0.0004411754248400066,0.0004970966164068219,0.0004411754248400066,-0.002419547764760122,0.002110797357812,-9.127263483417895e-05,0.002110797357812,-0.002419547764760122,0.0016754929240902557,0.0016754929240902557,-9.127263483417895e-05,0.002110797357812,0.0004411754248400066,-0.002419547764760122,4.399571736093841e-05,-2.887485075252696e-05,0.0004411754248400066,0.002110797357812,4.399571736093841e-05,-0.002419547764760122,0.0016754929240902557,-2.887485075252696e-05,-0.002419547764760122
PROP_27,-0.0020188049080305283,-0.00037287486266380566,-0.0011520667396141362,-0.0011520667396141362,0.0006339625593388461,0.0006339625593388461,0.0006339625593388461,0.0004970966164068219,-0.0020188049080305283,-0.0020188049080305283,-0.0008160006802365553,0.004122707290657374,0.0004970966164068219,0.004122707290657374,0.0004970966164068219,0.004122707290657374,-0.0020188049080305283,-0.0008160006802365553,-0.0008160006802365553,0.004122707290657374,0.0006339625593388461,0.0004970966164068219,0.0006339625593388461,0.004122707290657374,-0.00027302358854432304,0.0004970966164068219,0.004147707290657374,-0.0008160006802365553,-0.0020188049080305283,0.004122707290657374,-0.0008160006802365553,0.0006339625593388461,0.0006339625593388461,-0.0008160006802365553,-0.0008160006802365553,-0.0020188049080305283,0.0004970966164068219,0.0006339625593388461,-0.00027302358854432304,-0.00037287486266380566,-0.0020188049080305283,0.0006339625593388461,0.0006339625593388461,-0.00027302358854432304,-0.00037287486266380566,0.0004970966164068219,-0.00037287486266380566,0.004122707290657374,-0.0020188049080305283,-0.0008160006802365553,0.004122707290657374,-0.0020188049080305283,0.0006339625593388461,-0.0020188049080305283,-0.00027302358854432304,-0.0011520667396141362,-0.0008160006802365553,-0.00037287486266380566,0.004122707290657374,-0.00037287486266380566,-0.0008160006802365553,-0.0020188049080305283,-0.00027302358854432304,-0.0020188049080305283,-0.0008160006802365553,0.0004970966164068219,0.0004970966164068219,-0.00027302358854432304,-0.0020188049080305283,-0.00037287486266380566,-0.0008160006802365553,-0.0011520667396141362,0.0006339625593388461,-0.00037287486266380566,-0.0020188049080305283,-0.0011520667396141362,-0.0008160006802365553,0.0004970966164068219,0.0006339625593388461,-0.0008160006802365553
PROP_28,-0.002386381646197827,-0.003882531193238533,0.0012346182285774845,0.0012346182285774845,-0.00030631909135835886,-0.00030631909135835886,-0.00030631909135835886,-0.002419547764760122,-0.002386381646197827,-0.002386381646197827,0.00832881335643993,-0.0008160006802365553,-0.002419547764760122,-0.0008160006802365553,-0.002419547764760122,-0.0008160006802365553,-0.002386381646197827,0.00832881335643993,0.00832881335643993,-0.0008160006802365553,-0.00030631909135835886,-0.002419547764760122,-0.00030631909135835886,-0.0008160006802365553,7.90374756033509e-05,-0.002419547764760122,-0.0008160006802365553,0.00922881335643993,-0.002386381646197827,-0.0008160006802365553,0.00832881335643993,-0.00030631909135835886,-0.00030631909135835886,0.00832881335643993,0.00832881335643993,-0.002386381646197827,-0.002419547764760122,-0.00030631909135835886,7.90374756033509e-05,-0.003882531193238533,-0.002386381646197827,-0.00030631909135835886,-0.00030631909135835886,7.90374756033509e-05,-0.003882531193238533,-0.002419547764760122,-0.003882531193238533,-0.0008160006802365553,-0.002386381646197827,0.00832881335643993,-0.0008160006802365553,-0.002386381646197827,-0.00030631909135835886,-0.002386381646197827,7.90374756033509e-05,0.0012346182285774845,0.00832881335643993,-0.003882531193238533,-0.0008160006802365553,-0.003882531193238533,0.00832881335643993,-0.002386381646197827,7.90374756033509e-05,-0.002386381646197827,0.00832881335643993,-0.002419547764760122,-0.002419547764760122,7.90374756033509e-05,-0.002386381646197827,-0.003882531193238533,0.00832881335643993,0.0012346182285774845,-0.00030631909135835886,-0.003882531193238533,-0.002386381646197827,0.0012346182285774845,0.00832881335643993,-0.002419547764760122,-0.00030631909135835886,0.00832881335643993
PROP_29,0.017069703025536117,0.002378485825955626,-0.0017980590531091328,-0.0017980590531091328,-0.00039537992918000676,-0.00039537992918000676,-0.00039537992918000676,0.002110797357812,0.017069703025536117,0.017069703025536117,-0.002386381646197827,-0.0020188049080305283,0.002110797357812,-0.0020188049080305283,0.002110797357812,-0.0020188049080305283,0.017069703025536117,-0.002386381646197827,-0.002386381646197827,-0.0020188049080305283,-0.00039537992918000676,0.002110797357812,-0.00039537992918000676,-0.0020188049080305283,4.2117598653677076e-05,0.002110797357812,-0.0020188049080305283,-0.002386381646197827,0.017094703025536118,-0.0020188049080305283,-0.002386381646197827,-0.00039537992918000676,-0.00039537992918000676,-0.002386381646197827,-0.002386381646197827,0.017069703025536117,0.002110797357812,-0.00039537992918000676,4.2117598653677076e-05,0.002378485825955626,0.017069703025536117,-0.00039537992918000676,-0.00039537992918000676,4.2117598653677076e-05,0.002378485825955626,0.002110797357812,0.002378485825955626,-0.0020188049080305283,0.017069703025536117,-0.002386381646197827,-0.0020188049080305283,0.017069703025536117,-0.00039537992918000676,0.017069703025536117,4.2117598653677076e-05,-0.0017980590531091328,-0.002386381646197827,0.002378485825955626,-0.0020188049080305283,0.002378485825955626,-0.002386381646197827,0.017069703025536117,4.2117598653677076e-05,0.017069703025536117,-0.002386381646197827,0.002110797357812,0.002110797357812,4.2117598653677076e-05,0.017069703025536117,0.002378485825955626,-0.002386381646197827,-0.0017980590531091328,-0.00039537992918000676,0.002378485825955626,0.017069703025536117,-0.0017980590531091328,-0.002386381646197827,0.002110797357812,-0.00039537992918000676,-0.002386381646197827
PROP_30,-0.0020188049080305283,-0.00037287486266380566,-0.0011520667396141362,-0.0011520667396141362,0.0006339625593388461,0.0006339625593388461,0.0006339625593388461,0.0004970966164068219,-0.0020188049080305283,-0.0020188049080305283,-0.0008160006802365553,0.004122707290657374,0.0004970966164068219,0.004122707290657374,0.0004970966164068219,0.004122707290657374,-0.0020188049080305283,-0.0008160006802365553,-0.0008160006802365553,0.004122707290657374,0.0006339625593388461,0.0004970966164068219,0.0006339625593388461,0.004122707290657374,-0.00027302358854432304,0.0004970966164068219,0.004122707290657374,-0.0008160006802365553,-0.0020188049080305283,0.004147707290657374,-0.0008160006802365553,0.0006339625593388461,0.0006339625593388461,-0.0008160006802365553,-0.0008160006802365553,-0.0020188049080305283,0.0004970966164068219,0.0006339625593388461,-0.00027302358854432304,-0.00037287486266380566,-0.0020188049080305283,0.0006339625593388461,0.0006339625593388461,-0.00027302358854432304,-0.00037287486266380566,0.0004970966164068219,-0.00037287486266380566,0.004122707290657374,-0.0020188049080305283,-0.0008160006802365553,0.004122707290657374,-0.0020188049080305283,0.0006339625593388461,-0.0020188049080305283,-0.00027302358854432304,-0.0011520667396141362,-0.0008160006802365553,-0.00037287486266380566,0.004122707290657374,-0.00037287486266380566,-0.0008160006802365553,-0.0020188049080305283,-0.00027302358854432304,-0.0020188049080305283,-0.0008160006802365553,0.0004970966164068219,0.0004970966164068219,-0.00027302358854432304,-0.0020188049080305283,-0.00037287486266380566,-0.0008160006802365553,-0.0011520667396141362,0.0006339625593388461,-0.00037287486266380566,-0.0020188049080305283,-0.0011520667396141362,-0.0008160006802365553,0.0004970966164068219,0.0006339625593388461,-0.0008160006802365553
PROP_31,-0.002386381646197827,-0.003882531193238533,0.0012346182285774845,0.0012346182285774845,-0.00030631909135835886,-0.00030631909135835886,-0.00030631909135835886,-0.002419547764760122,-0.002386381646197827,-0.002386381646197827,0.00832881335643993,-0.0008160006802365553,-0.002419547764760122,-0.0008160006802365553,-0.002419547764760122,-0.0008160006802365553,-0.002386381646197827,0.00832881335643993,0.00832881335643993,-0.0008160006802365553,-0.00030631909135835886,-0.002419547764760122,-0.00030631909135835886,-0.0008160006802365553,7.90374756033509e-05,-0.002419547764760122,-0.0008160006802365553,0.00832881335643993,-0.002386381646197827,-0.0008160006802365553,0.009253813356439931,-0.00030631909135835886,-0.00030631909135835886,0.00832881335643993,0.00832881335643993,-0.002386381646197827,-0.002419547764760122,-0.00030631909135835886,7.90374756033509e-05,-0.003882531193238533,-0.002386381646197827,-0.00030631909135835886,-0.00030631909135835886,7.90374756033509e-05,-0.003882531193238533,-0.002419547764760122,-0.003882531193238533,-0.0008160006802365553,-0.002386381646197827,0.00832881335643993,-0.0008160006802365553,-0.002386381646197827,-0.00030631909135835886,-0.002386381646197827,7.90374756033509e-05,0.0012346182285774845,0.00832881335643993,-0.003882531193238533,-0.0008160006802365553,-0.003882531193238533,0.00832881335643993,-0.002386381646197827,7.90374756033509e-05,-0.002386381646197827,0.00832881335643993,-0.002419547764760122,-0.002419547764760122,7.90374756033509e-05,-0.002386381646197827,-0.003882531193238533,0.00832881335643993,0.0012346182285774845,-0.00030631909135835886,-0.003882531193238533,-0.002386381646197827,0.0012346182285774845,0.00832881335643993,-0.002419547764760122,-0.00030631909135835886,0.00832881335643993
PROP_32,-0.00039537992918000676,0.0005497011103504401,-0.00027642385282527116,-0.00027642385282527116,0.000142096560846561,0.000142096560846561,0.000142096560846561,-2.887485075252696e-05,-0.00039537992918000676,-0.00039537992918000676,-0.00030631909135835886,0.0006339625593388461,-2.887485075252696e-05,0.0006339625593388461,-2.887485075252696e-05,0.0006339625593388461,-0.00039537992918000676,-0.00030631909135835886,-0.00030631909135835886,0.0006339625593388461,0.000142096560846561,-2.887485075252696e-05,0.000142096560846561,0.0006339625593388461,-7.638009020576806e-05,-2.887485075252696e-05,0.0006339625593388461,-0.00030631909135835886,-0.00039537992918000676,0.0006339625593388461,-0.00030631909135835886,0.00016709656084656102,0.000142096560846561,-0.00030631909135835886,-0.00030631909135835886,-0.00039537992918000676,-2.887485075252696e-05,0.000142096560846561,-7.638009020576806e-05,0.0005497011103504401,-0.00039537992918000676,0.000142096560846561,0.000142096560846561,-7.638009020576806e-05,0.0005497011103504401,-2.887485075252696e-05,0.0005497011103504401,0.0006339625593388461,-0.00039537992918000676,-0.00030631909135835886,0.0006339625593388461,-0.00039537992918000676,0.000142096560846561,-0.00039537992918000676,-7.638009020576806e-05,-0.00027642385282527116,-0.00030631909135835886,0.0005497011103504401,0.0006339625593388461,0.0005497011103504401,-0.00030631909135835886,-0.00039537992918000676,-7.638009020576806e-05,-0.00039537992918000676,-0.00030631909135835886,-2.887485075252696e-05,-2.887485075252696e-05,-7.638009020576806e-05,-0.00039537992918000676,0.0005497011103504401,-0.00030631909135835886,-0.00027642385282527116,0.000142096560846561,0.0005497011103504401,-0.00039537992918000676,-0.00027642385282527116,-0.00030631909135835886,-2.887485075252696e-05,0.000142096560846561,-0.00030631909135835886
PROP_33,-0.00039537992918000676,0.0005497011103504401,-0.00027642385282527116,-0.00027642385282527116,0.000142096560846561,0.000142096560846561,0.000142096560846561,-2.887485075252696e-05,-0.00039537992918000676,-0.00039537992918000676,-0.00030631909135835886,0.0006339625593388461,-2.887485075252696e-05,0.0006339625593388461,-2.887485075252696e-05,0.0006339625593388461,-0.00039537992918000676,-0.00030631909135835886,-0.00030631909135835886,0.0006339625593388461,0.000142096560846561,-2.887485075252696e-05,0.000142096560846561,0.0006339625593388461,-7.638009020576806e-05,-2.887485075252696e-05,0.0006339625593388461,-0.00030631909135835886,-0.00039537992918000676,0.0006339625593388461,-0.00030631909135835886,0.000142096560846561,0.0007670965608465609,-0.00030631909135835886,-0.00030631909135835886,-0.00039537992918000676,-2.887485075252696e-05,0.000142096560846561,-7.638009020576806e-05,0.0005497011103504401,-0.00039537992918000676,0.000142096560846561,0.000142096560846561,-7.638009020576806e-05,0.0005497011103504401,-2.887485075252696e-05,0.0005497011103504401,0.0006339625593388461,-0.00039537992918000676,-0.00030631909135835886,0.0006339625593388461,-0.00039537992918000676,0.000142096560846561,-0.00039537992918000676,-7.638009020576806e-05,-0.00027642385282527116,-0.00030631909135835886,0.0005497011103504401,0.0006339625593388461,0.0005497011103504401,-0.00030631909135835886,-0.00039537992918000676,-7.638009020576806e-05,-0.00039537992918000676,-0.00030631909135835886,-2.887485075252696e-05,-2.887485075252696e-05,-7.638009020576806e-05,-0.00039537992918000676,0.0005497011103504401,-0.00030631909135835886,-0.00027642385282527116,0.000142096560846561,0.0005497011103504401,-0.00039537992918000676,-0.00027642385282527116,-0.00030631909135835886,-2.887485075252696e-05,0.000142096560846561,-0.00030631909135835886
PROP_34,-0.002386381646197827,-0.003882531193238533,0.0012346182285774845,0.0012346182285774845,-0.00030631909135835886,-0.00030631909135835886,-0.00030631909135835886,-0.002419547764760122,-0.002386381646197827,-0.002386381646197827,0.00832881335643993,-0.0008160006802365553,-0.002419547764760122,-0.0008160006802365553,-0.002419547764760122,-0.0008160006802365553,-0.002386381646197827,0.00832881335643993,0.00832881335643993,-0.0008160006802365553,-0.00030631909135835886,-0.002419547764760122,-0.00030631909135835886,-0.0008160006802365553,7.90374756033509e-05,-0.002419547764760122,-0.0008160006802365553,0.00832881335643993,-0.002386381646197827,-0.0008160006802365553,0.00832881335643993,-0.00030631909135835886,-0.00030631909135835886,0.008378813356439932,0.00832881335643993,-0.002386381646197827,-0.002419547764760122,-0.00030631909135835886,7.90374756033509e-05,-0.003882531193238533,-0.002386381646197827,-0.00030631909135835886,-0.00030631909135835886,7.90374756033509e-05,-0.003882531193238533,-0.002419547764760122,-0.003882531193238533,-0.0008160006802365553,-0.002386381646197827,0.00832881335643993,-0.0008160006802365553,-0.002386381646197827,-0.00030631909135835886,-0.002386381646197827,7.90374756033509e-05,0.0012346182285774845,0.00832881335643993,-0.003882531193238533,-0.0008160006802365553,-0.003882531193238533,0.00832881335643993,-0.002386381646197827,7.90374756033509e-05,-0.002386381646197827,0.00832881335643993,-0.002419547764760122,-0.002419547764760122,7.90374756033509e-05,-0.002386381646197827,-0.003882531193238533,0.00832881335643993,0.0012346182285774845,-0.00030631909135835886,-0.003882531193238533,-0.002386381646197827,0.0012346182285774845,0.00832881335643993,-0.002419547764760122,-0.00030631909135835886,0.00832881335643993
PROP_35,-0.002386381646197827,-0.003882531193238533,0.0012346182285774845,0.0012346182285774845,-0.00030631909135835886,-0.00030631909135835886,-0.00030631909135835886,-0.002419547764760122,-0.002386381646197827,-0.002386381646197827,0.00832881335643993,-0.0008160006802365553,-0.002419547764760122,-0.0008160006802365553,-0.002419547764760122,-0.0008160006802365553,-0.002386381646197827,0.00832881335643993,0.00832881335643993,-0.0008160006802365553,-0.00030631909135835886,-0.002419547764760122,-0.00030631909135835886,-0.0008160006802365553,7.90374756033509e-05,-0.002419547764760122,-0.0008160006802365553,0.00832881335643993,-0.002386381646197827,-0.0008160006802365553,0.00832881335643993,-0.00030631909135835886,-0.00030631909135835886,0.00832881335643993,0.008353813356439931,-0.002386381646197827,-0.002419547764760122,-0.00030631909135835886,7.90374756033509e-05,-0.003882531193238533,-0.002386381646197827,-0.00030631909135835886,-0.00030631909135835886,7.90374756033509e-05,-0.003882531193238533,-0.002419547764760122,-0.003882531193238533,-0.0008160006802365553,-0.002386381646197827,0.00832881335643993,-0.0008160006802365553,-0.002386381646197827,-0.00030631909135835886,-0.002386381646197827,7.90374756033509e-05,0.0012346182285774845,0.00832881335643993,-0.003882531193238533,-0.0008160006802365553,-0.003882531193238533,0.00832881335643993,-0.002386381646197827,7.90374756033509e-05,-0.002386381646197827,0.00832881335643993,-0.002419547764760122,-0.002419547764760122,7.90374756033509e-05,-0.002386381646197827,-0.003882531193238533,0.00832881335643993,0.0012346182285774845,-0.00030631909135835886,-0.003882531193238533,-0.002386381646197827,0.0012346182285774845,0.00832881335643993,-0.002419547764760122,-0.00030631909135835886,0.00832881335643993
PROP_36,0.017069703025536117,0.002378485825955626,-0.0017980590531091328,-0.0017980590531091328,-0.00039537992918000676,-0.00039537992918000676,-0.00039537992918000676,0.002110797357812,0.017069703025536117,0.017069703025536117,-0.002386381646197827,-0.0020188049080305283,0.002110797357812,-0.0020188049080305283,0.002110797357812,-0.0020188049080305283,0.017069703025536117,-0.002386381646197827,-0.002386381646197827,-0.0020188049080305283,-0.00039537992918000676,0.002110797357812,-0.00039537992918000676,-0.0020188049080305283,4.2117598653677076e-05,0.002110797357812,-0.0020188049080305283,-0.002386381646197827,0.017069703025536117,-0.0020188049080305283,-0.002386381646197827,-0.00039537992918000676,-0.00039537992918000676,-0.002386381646197827,-0.002386381646197827,0.01799470302553612,0.002110797357812,-0.00039537992918000676,4.2117598653677076e-05,0.002378485825955626,0.017069703025536117,-0.00039537992918000676,-0.00039537992918000676,4.2117598653677076e-05,0.002378485825955626,0.002110797357812,0.002378485825955626,-0.0020188049080305283,0.017069703025536117,-0.002386381646197827,-0.0020188049080305283,0.017069703025536117,-0.00039537992918000676,0.017069703025536117,4.2117598653677076e-05,-0.0017980590531091328,-0.002386381646197827,0.002378485825955626,-0.0020188049080305283,0.002378485825955626,-0.002386381646197827,0.017069703025536117,4.2117598653677076e-05,0.017069703025536117,-0.002386381646197827,0.002110797357812,0.002110797357812,4.2117598653677076e-05,0.017069703025536117,0.002378485825955626,-0.002386381646197827,-0.0017980590531091328,-0.00039537992918000676,0.002378485825955626,0.017069703025536117,-0.0017980590531091328,-0.002386381646197827,0.002110797357812,-0.00039537992918000676,-0.002386381646197827
PROP_37,0.002110797357812,0.0004411754248400066,4.399571736093841e-05,4.399571736093841e-05,-2.887485075252696e-05,-2.887485075252696e-05,-2.887485075252696e-05,0.0016754929240902557,0.002110797357812,0.002110797357812,-0.002419547764760122,0.0004970966164068219,0.0016754929240902557,0.0004970966164068219,0.0016754929240902557,0.0004970966164068219,0.002110797357812,-0.002419547764760122,-0.002419547764760122,0.0004970966164068219,-2.887485075252696e-05,0.0016754929240902557,-2.887485075252696e-05,0.0004970966164068219,-9.127263483417895e-05,0.0016754929240902557,0.0004970966164068219,-0.002419547764760122,0.002110797357812,0.0004970966164068219,-0.002419547764760122,-2.887485075252696e-05,-2.887485075252696e-05,-0.002419547764760122,-0.002419547764760122,0.002110797357812,0.0025754929240902557,-2.887485075252696e-05,-9.127263483417895e-05,0.0004411754248400066,0.002110797357812,-2.887485075252696e-05,-2.887485075252696e-05,-9.127263483417895e-05,0.0004411754248400066,0.0016754929240902557,0.0004411754248400066,0.0004970966164068219,0.002110797357812,-0.002419547764760122,0.0004970966164068219,0.002110797357812,-2.887485075252696e-05,0.002110797357812,-9.127263483417895e-05,4.399571736093841e-05,-0.002419547764760122,0.0004411754248400066,0.0004970966164068219,0.0004411754248400066,-0.002419547764760122,0.002110797357812,-9.127263483417895e-05,0.002110797357812,-0.002419547764760122,0.0016754929240902557,0.0016754929240902557,-9.127263483417895e-05,0.002110797357812,0.0004411754248400066,-0.002419547764760122,4.399571736093841e-05,-2.887485075252696e-05,0.0004411754248400066,0.002110797357812,4.399571736093841e-05,-0.002419547764760122,0.0016754929240902557,-2.887485075252696e-05,-0.002419547764760122
PROP_38,-0.00039537992918000676,0.0005497011103504401,-0.00027642385282527116,-0.00027642385282527116,0.000142096560846561,0.000142096560846561,0.000142096560846561,-2.887485075252696e-05,-0.00039537992918000676,-0.00039537992918000676,-0.00030631909135835886,0.0006339625593388461,-2.887485075252696e-05,0.0006339625593388461,-2.887485075252696e-05,0.0006339625593388461,-0.00039537992918000676,-0.00030631909135835886,-0.00030631909135835886,0.0006339625593388461,0.000142096560846561,-2.887485075252696e-05,0.000142096560846561,0.0006339625593388461,-7.638009020576806e-05,-2.887485075252696e-05,0.0006339625593388461,-0.00030631909135835886,-0.00039537992918000676,0.0006339625593388461,-0.00030631909135835886,0.000142096560846561,0.000142096560846561,-0.00030631909135835886,-0.00030631909135835886,-0.00039537992918000676,-2.887485075252696e-05,0.0028670965608465614,-7.638009020576806e-05,0.0005497011103504401,-0.00039537992918000676,0.000142096560846561,0.000142096560846561,-7.638009020576806e-05,0.0005497011103504401,-2.887485075252696e-05,0.0005497011103504401,0.0006339625593388461,-0.00039537992918000676,-0.00030631909135835886,0.0006339625593388461,-0.00039537992918000676,0.000142096560846561,-0.00039537992918000676,-7.638009020576806e-05,-0.00027642385282527116,-0.00030631909135835886,0.0005497011103504401,0.0006339625593388461,0.0005497011103504401,-0.00030631909135835886,-0.00039537992918000676,-7.638009020576806e-05,-0.00039537992918000676,-0.00030631909135835886,-2.887485075252696e-05,-2.887485075252696e-05,-7.638009020576806e-05,-0.00039537992918000676,0.0005497011103504401,-0.00030631909135835886,-0.00027642385282527116,0.000142096560846561,0.0005497011103504401,-0.00039537992918000676,-0.00027642385282527116,-0.00030631909135835886,-2.887485075252696e-05,0.000142096560846561,-0.00030631909135835886
PROP_39,4.2117598653677076e-05,-0.0012214800537365539,9.675804227001359e-05,9.675804227001359e-05,-7.638009020576806e-05,-7.638009020576806e-05,-7.638009020576806e-05,-9.127263483417895e-05,4.2117598653677076e-05,4.2117598653677076e-05,7.90374756033509e-05,-0.00027302358854432304,-9.127263483417895e-05,-0.00027302358854432304,-9.127263483417895e-05,-0.00027302358854432304,4.2117598653677076e-05,7.90374756033509e-05,7.90374756033509e-05,-0.00027302358854432304,-7.638009020576806e-05,-9.127263483417895e-05,-7.638009020576806e-05,-0.00027302358854432304,0.0001572903175206693,-9.127263483417895e-05,-0.00027302358854432304,7.90374756033509e-05,4.2117598653677076e-05,-0.00027302358854432304,7.90374756033509e-05,-7.638009020576806e-05,-7.638009020576806e-05,7.90374756033509e-05,7.90374756033509e-05,4.2117598653677076e-05,-9.127263483417895e-05,-7.638009020576806e-05,0.0001822903175206693,-0.0012214800537365539,4.2117598653677076e-05,-7.638009020576806e-05,-7.638009020576806e-05,0.0001572903175206693,-0.0012214800537365539,-9.127263483417895e-05,-0.0012214800537365539,-0.00027302358854432304,4.2117598653677076e-05,7.90374756033509e-05,-0.00027302358854432304,4.2117598653677076e-05,-7.638009020576806e-05,4.2117598653677076e-05,0.0001572903175206693,9.675804227001359e-05,7.90374756033509e-05,-0.0012214800537365539,-0.00027302358854432304,-0.0012214800537365539,7.90374756033509e-05,4.2117598653677076e-05,0.0001572903175206693,4.2117598653677076e-05,7.90374756033509e-05,-9.127263483417895e-05,-9.127263483417895e-05,0.0001572903175206693,4.2117598653677076e-05,-0.0012214800537365539,7.90374756033509e-05,9.675804227001359e-05,-7.638009020576806e-05,-0.0012214800537365539,4.2117598653677076e-05,9.675804227001359e-05,7.90374756033509e-05,-9.127263483417895e-05,-7.638009020576806e-05,7.90374756033509e-05
PROP_40,0.002378485825955626,0.014489980836300357,-0.0012800123317198342,-0.0012800123317198342,0.0005497011103504401,0.0005497011103504401,0.0005497011103504401,0.0004411754248400066,0.002378485825955626,0.002378485825955626,-0.003882531193238533,-0.00037287486266380566,0.0004411754248400066,-0.00037287486266380566,0.0004411754248400066,-0.00037287486266380566,0.002378485825955626,-0.003882531193238533,-0.003882531193238533,-0.00037287486266380566,0.0005497011103504401,0.0004411754248400066,0.0005497011103504401,-0.00037287486266380566,-0.0012214800537365539,0.0004411754248400066,-0.00037287486266380566,-0.003882531193238533,0.002378485825955626,-0.00037287486266380566,-0.003882531193238533,0.0005497011103504401,0.0005497011103504401,-0.003882531193238533,-0.003882531193238533,0.002378485825955626,0.0004411754248400066,0.0005497011103504401,-0.0012214800537365539,0.015614980836300356,0.002378485825955626,0.0005497011103504401,0.0005497011103504401,-0.0012214800537365539,0.014489980836300357,0.0004411754248400066,0.014489980836300357,-0.00037287486266380566,0.002378485825955626,-0.003882531193238533,-0.00037287486266380566,0.002378485825955626,0.0005497011103504401,0.002378485825955626,-0.0012214800537365539,-0.0012800123317198342,-0.003882531193238533,0.014489980836300357,-0.00037287486266380566,0.014489980836300357,-0.003882531193238533,0.002378485825955626,-0.0012214800537365539,0.002378485825955626,-0.003882531193238533,0.0004411754248400066,0.0004411754248400066,-0.0012214800537365539,0.002378485825955626,0.014489980836300357,-0.003882531193238533,-0.0012800123317198342,0.0005497011103504401,0.014489980836300357,0.002378485825955626,-0.0012800123317198342,-0.003882531193238533,0.0004411754248400066,0.0005497011103504401,-0.003882531193238533
PROP_41,0.017069703025536117,0.002378485825955626,-0.0017980590531091328,-0.0017980590531091328,-0.00039537992918000676,-0.00039537992918000676,-0.00039537992918000676,0.002110797357812,0.017069703025536117,0.017069703025536117,-0.002386381646197827,-0.0020188049080305283,0.002110797357812,-0.0020188049080305283,0.002110797357812,-0.0020188049080305283,0.017069703025536117,-0.002386381646197827,-0.002386381646197827,-0.0020188049080305283,-0.00039537992918000676,0.002110797357812,-0.00039537992918000676,-0.0020188049080305283,4.2117598653677076e-05,0.002110797357812,-0.0020188049080305283,-0.002386381646197827,0.017069703025536117,-0.0020188049080305283,-0.002386381646197827,-0.00039537992918000676,-0.00039537992918000676,-0.002386381646197827,-0.002386381646197827,0.017069703025536117,0.002110797357812,-0.00039537992918000676,4.2117598653677076e-05,0.002378485825955626,0.01799470302553612,-0.00039537992918000676,-0.00039537992918000676,4.2117598653677076e-05,0.002378485825955626,0.002110797357812,0.002378485825955626,-0.0020188049080305283,0.017069703025536117,-0.002386381646197827,-0.0020188049080305283,0.017069703025536117,-0.00039537992918000676,0.017069703025536117,4.2117598653677076e-05,-0.0017980590531091328,-0.002386381646197827,0.002378485825955626,-0.0020188049080305283,0.002378485825955626,-0.002386381646197827,0.017069703025536117,4.2117598653677076e-05,0.017069703025536117,-0.002386381646197827,0.002110797357812,0.002110797357812,4.2117598653677076e-05,0.017069703025536117,0.002378485825955626,-0.002386381646197827,-0.0017980590531091328,-0.00039537992918000676,0.002378485825955626,0.017069703025536117,-0.0017980590531091328,-0.002386381646197827,0.002110797357812,-0.00039537992918000676,-0.002386381646197827
PROP_42,-0.00039537992918000676,0.0005497011103504401,-0.00027642385282527116,-0.00027642385282527116,0.000142096560846561,0.000142096560846561,0.000142096560846561,-2.887485075252696e-05,-0.00039537992918000676,-0.00039537992918000676,-0.00030631909135835886,0.0006339625593388461,-2.887485075252696e-05,0.0006339625593388461,-2.887485075252696e-05,0.0006339625593388461,-0.00039537992918000676,-0.00030631909135835886,-0.00030631909135835886,0.0006339625593388461,0.000142096560846561,-2.887485075252696e-05,0.000142096560846561,0.0006339625593388461,-7.638009020576806e-05,-2.887485075252696e-05,0.0006339625593388461,-0.00030631909135835886,-0.00039537992918000676,0.0006339625593388461,-0.00030631909135835886,0.000142096560846561,0.000142096560846561,-0.00030631909135835886,-0.00030631909135835886,-0.00039537992918000676,-2.887485075252696e-05,0.000142096560846561,-7.638009020576806e-05,0.0005497011103504401,-0.00039537992918000676,0.001042096560846561,0.000142096560846561,-7.638009020576806e-05,0.0005497011103504401,-2.887485075252696e-05,0.0005497011103504401,0.0006339625593388461,-0.00039537992918000676,-0.00030631909135835886,0.0006339625593388461,-0.00039537992918000676,0.000142096560846561,-0.00039537992918000676,-7.638009020576806e-05,-0.00027642385282527116,-0.00030631909135835886,0.0005497011103504401,0.0006339625593388461,0.0005497011103504401,-0.00030631909135835886,-0.00039537992918000676,-7.638009020576806e-05,-0.00039537992918000676,-0.00030631909135835886,-2.887485075252696e-05,-2.887485075252696e-05,-7.638009020576806e-05,-0.00039537992918000676,0.0005497011103504401,-0.00030631909135835886,-0.00027642385282527116,0.000142096560846561,0.0005497011103504401,-0.00039537992918000676,-0.00027642385282527116,-0.00030631909135835886,-2.887485075252696e-05,0.000142096560846561,-0.00030631909135835886
PROP_43,-0.00039537992918000676,0.0005497011103504401,-0.00027642385282527116,-0.00027642385282527116,0.000142096560846561,0.000142096560846561,0.000142096560846561,-2.887485075252696e-05,-0.00039537992918000676,-0.00039537992918000676,-0.00030631909135835886,0.0006339625593388461,-2.887485075252696e-05,0.0006339625593388461,-2.887485075252696e-05,0.0006339625593388461,-0.00039537992918000676,-0.00030631909135835886,-0.00030631909135835886,0.0006339625593388461,0.000142096560846561,-2.887485075252696e-05,0.000142096560846561,0.0006339625593388461,-7.638009020576806e-05,-2.887485075252696e-05,0.0006339625593388461,-0.00030631909135835886,-0.00039537992918000676,0.0006339625593388461,-0.00030631909135835886,0.000142096560846561,0.000142096560846561,-0.00030631909135835886,-0.00030631909135835886,-0.00039537992918000676,-2.887485075252696e-05,0.000142096560846561,-7.638009020576806e-05,0.0005497011103504401,-0.00039537992918000676,0.000142096560846561,0.0005670965608465609,-7.638009020576806e-05,0.0005497011103504401,-2.887485075252696e-05,0.0005497011103504401,0.0006339625593388461,-0.00039537992918000676,-0.00030631909135835886,0.0006339625593388461,-0.00039537992918000676,0.000142096560846561,-0.00039537992918000676,-7.638009020576806e-05,-0.00027642385282527116,-0.00030631909135835886,0.0005497011103504401,0.0006339625593388461,0.0005497011103504401,-0.00030631909135835886,-0.00039537992918000676,-7.638009020576806e-05,-0.00039537992918000676,-0.00030631909135835886,-2.887485075252696e-05,-2.887485075252696e-05,-7.638009020576806e-05,-0.00039537992918000676,0.0005497011103504401,-0.00030631909135835886,-0.00027642385282527116,0.000142096560846561,0.0005497011103504401,-0.00039537992918000676,-0.00027642385282527116,-0.00030631909135835886,-2.887485075252696e-05,0.000142096560846561,-0.00030631909135835886
PROP_44,4.2117598653677076e-05,-0.0012214800537365539,9.675804227001359e-05,9.675804227001359e-05,-7.638009020576806e-05,-7.638009020576806e-05,-7.638009020576806e-05,-9.127263483417895e-05,4.2117598653677076e-05,4.2117598653677076e-05,7.90374756033509e-05,-0.00027302358854432304,-9.127263483417895e-05,-0.00027302358854432304,-9.127263483417895e-05,-0.00027302358854432304,4.2117598653677076e-05,7.90374756033509e-05,7.90374756033509e-05,-0.00027302358854432304,-7.638009020576806e-05,-9.127263483417895e-05,-7.638009020576806e-05,-0.00027302358854432304,0.0001572903175206693,-9.127263483417895e-05,-0.00027302358854432304,7.90374756033509e-05,4.2117598653677076e-05,-0.00027302358854432304,7.90374756033509e-05,-7.638009020576806e-05,-7.638009020576806e-05,7.90374756033509e-05,7.90374756033509e-05,4.2117598653677076e-05,-9.127263483417895e-05,-7.638009020576806e-05,0.0001572903175206693,-0.0012214800537365539,4.2117598653677076e-05,-7.638009020576806e-05,-7.638009020576806e-05,0.00020729031752066932,-0.0012214800537365539,-9.127263483417895e-05,-0.0012214800537365539,-0.00027302358854432304,4.2117598653677076e-05,7.90374756033509e-05,-0.00027302358854432304,4.2117598653677076e-05,-7.638009020576806e-05,4.2117598653677076e-05,0.0001572903175206693,9.675804227001359e-05,7.90374756033509e-05,-0.0012214800537365539,-0.00027302358854432304,-0.0012214800537365539,7.90374756033509e-05,4.2117598653677076e-05,0.0001572903175206693,4.2117598653677076e-05,7.90374756033509e-05,-9.127263483417895e-05,-9.127263483417895e-05,0.0001572903175206693,4.2117598653677076e-05,-0.0012214800537365539,7.90374756033509e-05,9.675804227001359e-05,-7.638009020576806e-05,-0.0012214800537365539,4.2117598653677076e-05,9.675804227001359e-05,7.90374756033509e-05,-9.127263483417895e-05,-7.638009020576806e-05,7.90374756033509e-05
PROP_45,0.002378485825955626,0.014489980836300357,-0.0012800123317198342,-0.0012800123317198342,0.0005497011103504401,0.0005497011103504401,0.0005497011103504401,0.0004411754248400066,0.002378485825955626,0.002378485825955626,-0.003882531193238533,-0.00037287486266380566,0.0004411754248400066,-0.00037287486266380566,0.0004411754248400066,-0.00037287486266380566,0.002378485825955626,-0.003882531193238533,-0.003882531193238533,-0.00037287486266380566,0.0005497011103504401,0.0004411754248400066,0.0005497011103504401,-0.00037287486266380566,-0.0012214800537365539,0.0004411754248400066,-0.00037287486266380566,-0.003882531193238533,0.002378485825955626,-0.00037287486266380566,-0.003882531193238533,0.0005497011103504401,0.0005497011103504401,-0.003882531193238533,-0.003882531193238533,0.002378485825955626,0.0004411754248400066,0.0005497011103504401,-0.0012214800537365539,0.014489980836300357,0.002378485825955626,0.0005497011103504401,0.0005497011103504401,-0.0012214800537365539,0.015389980836300356,0.0004411754248400066,0.014489980836300357,-0.00037287486266380566,0.002378485825955626,-0.003882531193238533,-0.00037287486266380566,0.002378485825955626,0.0005497011103504401,0.002378485825955626,-0.0012214800537365539,-0.0012800123317198342,-0.003882531193238533,0.014489980836300357,-0.00037287486266380566,0.014489980836300357,-0.003882531193238533,0.002378485825955626,-0.0012214800537365539,0.002378485825955626,-0.003882531193238533,0.0004411754248400066,0.0004411754248400066,-0.0012214800537365539,0.002378485825955626,0.014489980836300357,-0.003882531193238533,-0.0012800123317198342,0.0005497011103504401,0.014489980836300357,0.002378485825955626,-0.0012800123317198342,-0.003882531193238533,0.0004411754248400066,0.0005497011103504401,-0.003882531193238533
PROP_46,0.002110797357812,0.0004411754248400066,4.399571736093841e-05,4.399571736093841e-05,-2.887485075252696e-05,-2.887485075252696e-05,-2.887485075252696e-05,0.0016754929240902557,0.002110797357812,0.002110797357812,-0.002419547764760122,0.0004970966164068219,0.0016754929240902557,0.0004970966164068219,0.0016754929240902557,0.0004970966164068219,0.002110797357812,-0.002419547764760122,-0.002419547764760122,0.0004970966164068219,-2.887485075252696e-05,0.0016754929240902557,-2.887485075252696e-05,0.0004970966164068219,-9.127263483417895e-05,0.0016754929240902557,0.0004970966164068219,-0.002419547764760122,0.002110797357812,0.0004970966164068219,-0.002419547764760122,-2.887485075252696e-05,-2.887485075252696e-05,-0.002419547764760122,-0.002419547764760122,0.002110797357812,0.0016754929240902557,-2.887485075252696e-05,-9.127263483417895e-05,0.0004411754248400066,0.002110797357812,-2.887485075252696e-05,-2.887485075252696e-05,-9.127263483417895e-05,0.0004411754248400066,0.0025754929240902557,0.0004411754248400066,0.0004970966164068219,0.002110797357812,-0.002419547764760122,0.0004970966164068219,0.002110797357812,-2.887485075252696e-05,0.002110797357812,-9.127263483417895e-05,4.399571736093841e-05,-0.002419547764760122,0.0004411754248400066,0.0004970966164068219,0.0004411754248400066,-0.002419547764760122,0.002110797357812,-9.127263483417895e-05,0.002110797357812,-0.002419547764760122,0.0016754929240902557,0.0016754929240902557,-9.127263483417895e-05,0.002110797357812,0.0004411754248400066,-0.002419547764760122,4.399571736093841e-05,-2.887485075252696e-05,0.0004411754248400066,0.002110797357812,4.399571736093841e-05,-0.002419547764760122,0.0016754929240902557,-2.887485075252696e-05,-0.002419547764760122
PROP_47,0.002378485825955626,0.014489980836300357,-0.0012800123317198342,-0.0012800123317198342,0.0005497011103504401,0.0005497011103504401,0.0005497011103504401,0.0004411754248400066,0.002378485825955626,0.002378485825955626,-0.003882531193238533,-0.00037287486266380566,0.0004411754248400066,-0.00037287486266380566,0.0004411754248400066,-0.00037287486266380566,0.002378485825955626,-0.003882531193238533,-0.003882531193238533,-0.00037287486266380566,0.0005497011103504401,0.0004411754248400066,0.0005497011103504401,-0.00037287486266380566,-0.0012214800537365539,0.0004411754248400066,-0.00037287486266380566,-0.003882531193238533,0.002378485825955626,-0.00037287486266380566,-0.003882531193238533,0.0005497011103504401,0.0005497011103504401,-0.003882531193238533,-0.003882531193238533,0.002378485825955626,0.0004411754248400066,0.0005497011103504401,-0.0012214800537365539,0.014489980836300357,0.002378485825955626,0.0005497011103504401,0.0005497011103504401,-0.0012214800537365539,0.014489980836300357,0.0004411754248400066,0.015414980836300357,-0.00037287486266380566,0.002378485825955626,-0.003882531193238533,-0.00037287486266380566,0.002378485825955626,0.0005497011103504401,0.002378485825955626,-0.0012214800537365539,-0.0012800123317198342,-0.003882531193238533,0.014489980836300357,-0.00037287486266380566,0.014489980836300357,-0.003882531193238533,0.002378485825955626,-0.0012214800537365539,0.002378485825955626,-0.003882531193238533,0.0004411754248400066,0.0004411754248400066,-0.0012214800537365539,0.002378485825955626,0.014489980836300357,-0.003882531193238533,-0.0012800123317198342,0.0005497011103504401,0.014489980836300357,0.002378485825955626,-0.0012800123317198342,-0.003882531193238533,0.0004411754248400066,0.0005497011103504401,-0.003882531193238533
PROP_48,-0.0020188049080305283,-0.00037287486266380566,-0.0011520667396141362,-0.0011520667396141362,0.0006339625593388461,0.0006339625593388461,0.0006339625593388461,0.0004970966164068219,-0.0020188049080305283,-0.0020188049080305283,-0.0008160006802365553,0.004122707290657374,0.0004970966164068219,0.004122707290657374,0.0004970966164068219,0.004122707290657374,-0.0020188049080305283,-0.0008160006802365553,-0.0008160006802365553,0.004122707290657374,0.0006339625593388461,0.0004970966164068219,0.0006339625593388461,0.004122707290657374,-0.00027302358854432304,0.0004970966164068219,0.004122707290657374,-0.0008160006802365553,-0.0020188049080305283,0.004122707290657374,-0.0008160006802365553,0.0006339625593388461,0.0006339625593388461,-0.0008160006802365553,-0.0008160006802365553,-0.0020188049080305283,0.0004970966164068219,0.0006339625593388461,-0.00027302358854432304,-0.00037287486266380566,-0.0020188049080305283,0.0006339625593388461,0.0006339625593388461,-0.00027302358854432304,-0.00037287486266380566,0.0004970966164068219,-0.00037287486266380566,0.007522707290657374,-0.0020188049080305283,-0.0008160006802365553,0.004122707290657374,-0.0020188049080305283,0.0006339625593388461,-0.0020188049080305283,-0.00027302358854432304,-0.0011520667396141362,-0.0008160006802365553,-0.00037287486266380566,0.004122707290657374,-0.00037287486266380566,-0.0008160006802365553,-0.0020188049080305283,-0.00027302358854432304,-0.0020188049080305283,-0.0008160006802365553,0.0004970966164068219,0.0004970966164068219,-0.00027302358854432304,-0.0020188049080305283,-0.00037287486266380566,-0.0008160006802365553,-0.0011520667396141362,0.0006339625593388461,-0.00037287486266380566,-0.0020188049080305283,-0.0011520667396141362,-0.0008160006802365553,0.0004970966164068219,0.0006339625593388461,-0.0008160006802365553
PROP_49,0.017069703025536117,0.002378485825955626,-0.0017980590531091328,-0.0017980590531091328,-0.00039537992918000676,-0.00039537992918000676,-0.00039537992918000676,0.002110797357812,0.017069703025536117,0.017069703025536117,-0.002386381646197827,-0.0020188049080305283,0.002110797357812,-0.0020188049080305283,0.002110797357812,-0.0020188049080305283,0.017069703025536117,-0.002386381646197827,-0.002386381646197827,-0.0020188049080305283,-0.00039537992918000676,0.002110797357812,-0.00039537992918000676,-0.0020188049080305283,4.2117598653677076e-05,0.002110797357812,-0.0020188049080305283,-0.002386381646197827,0.017069703025536117,-0.0020188049080305283,-0.002386381646197827,-0.00039537992918000676,-0.00039537992918000676,-0.002386381646197827,-0.002386381646197827,0.017069703025536117,0.002110797357812,-0.00039537992918000676,4.2117598653677076e-05,0.002378485825955626,0.017069703025536117,-0.00039537992918000676,-0.00039537992918000676,4.2117598653677076e-05,0.002378485825955626,0.002110797357812,0.002378485825955626,-0.0020188049080305283,0.017094703025536118,-0.002386381646197827,-0.0020188049080305283,0.017069703025536117,-0.00039537992918000676,0.017069703025536117,4.2117598653677076e-05,-0.0017980590531091328,-0.002386381646197827,0.002378485825955626,-0.0020188049080305283,0.002378485825955626,-0.002386381646197827,0.017069703025536117,4.2117598653677076e-05,0.017069703025536117,-0.002386381646197827,0.002110797357812,0.002110797357812,4.2117598653677076e-05,0.017069703025536117,0.002378485825955626,-0.002386381646197827,-0.0017980590531091328,-0.00039537992918000676,0.002378485825955626,0.017069703025536117,-0.0017980590531091328,-0.002386381646197827,0.002110797357812,-0.00039537992918000676,-0.002386381646197827
PROP_50,-0.002386381646197827,-0.003882531193238533,0.0012346182285774845,0.0012346182285774845,-0.00030631909135835886,-0.00030631909135835886,-0.00030631909135835886,-0.002419547764760122,-0.002386381646197827,-0.002386381646197827,0.00832881335643993,-0.0008160006802365553,-0.002419547764760122,-0.0008160006802365553,-0.002419547764760122,-0.0008160006802365553,-0.002386381646197827,0.00832881335643993,0.00832881335643993,-0.0008160006802365553,-0.00030631909135835886,-0.002419547764760122,-0.00030631909135835886,-0.0008160006802365553,7.90374756033509e-05,-0.002419547764760122,-0.0008160006802365553,0.00832881335643993,-0.002386381646197827,-0.0008160006802365553,0.00832881335643993,-0.00030631909135835886,-0.00030631909135835886,0.00832881335643993,0.00832881335643993,-0.002386381646197827,-0.002419547764760122,-0.00030631909135835886,7.90374756033509e-05,-0.003882531193238533,-0.002386381646197827,-0.00030631909135835886,-0.00030631909135835886,7.90374756033509e-05,-0.003882531193238533,-0.002419547764760122,-0.003882531193238533,-0.0008160006802365553,-0.002386381646197827,0.008378813356439932,-0.0008160006802365553,-0.002386381646197827,-0.00030631909135835886,-0.002386381646197827,7.90374756033509e-05,0.0012346182285774845,0.00832881335643993,-0.003882531193238533,-0.0008160006802365553,-0.003882531193238533,0.00832881335643993,-0.002386381646197827,7.90374756033509e-05,-0.002386381646197827,0.00832881335643993,-0.002419547764760122,-0.002419547764760122,7.90374756033509e-05,-0.002386381646197827,-0.003882531193238533,0.00832881335643993,0.0012346182285774845,-0.00030631909135835886,-0.003882531193238533,-0.002386381646197827,0.0012346182285774845,0.00832881335643993,-0.002419547764760122,-0.00030631909135835886,0.00832881335643993
PROP_51,-0.0020188049080305283,-0.00037287486266380566,-0.0011520667396141362,-0.0011520667396141362,0.0006339625593388461,0.0006339625593388461,0.0006339625593388461,0.0004970966164068219,-0.0020188049080305283,-0.0020188049080305283,-0.0008160006802365553,0.004122707290657374,0.0004970966164068219,0.004122707290657374,0.0004970966164068219,0.004122707290657374,-0.0020188049080305283,-0.0008160006802365553,-0.0008160006802365553,0.004122707290657374,0.0006339625593388461,0.0004970966164068219,0.0006339625593388461,0.004122707290657374,-0.00027302358854432304,0.0004970966164068219,0.004122707290657374,-0.0008160006802365553,-0.0020188049080305283,0.004122707290657374,-0.0008160006802365553,0.0006339625593388461,0.0006339625593388461,-0.0008160006802365553,-0.0008160006802365553,-0.0020188049080305283,0.0004970966164068219,0.0006339625593388461,-0.00027302358854432304,-0.00037287486266380566,-0.0020188049080305283,0.0006339625593388461,0.0006339625593388461,-0.00027302358854432304,-0.00037287486266380566,0.0004970966164068219,-0.00037287486266380566,0.004122707290657374,-0.0020188049080305283,-0.0008160006802365553,0.004122707290657374,-0.0020188049080305283,0.0006339625593388461,-0.0020188049080305283,-0.00027302358854432304,-0.0011520667396141362,-0.0008160006802365553,-0.00037287486266380566,0.004122707290657374,-0.00037287486266380566,-0.0008160006802365553,-0.0020188049080305283,-0.00027302358854432304,-0.0020188049080305283,-0.0008160006802365553,0.0004970966164068219,0.0004970966164068219,-0.00027302358854432304,-0.0020188049080305283,-0.00037287486266380566,-0.0008160006802365553,-0.0011520667396141362,0.0006339625593388461,-0.00037287486266380566,-0.0020188049080305283,-0.0011520667396141362,-0.0008160006802365553,0.0004970966164068219,0.0006339625593388461,-0.0008160006802365553
PROP_52,0.017069703025536117,0.002378485825955626,-0.0017980590531091328,-0.0017980590531091328,-0.00039537992918000676,-0.00039537992918000676,-0.00039537992918000676,0.002110797357812,0.017069703025536117,0.017069703025536117,-0.002386381646197827,-0.0020188049080305283,0.002110797357812,-0.0020188049080305283,0.002110797357812,-0.0020188049080305283,0.017069703025536117,-0.002386381646197827,-0.002386381646197827,-0.0020188049080305283,-0.00039537992918000676,0.002110797357812,-0.00039537992918000676,-0.0020188049080305283,4.2117598653677076e-05,0.002110797357812,-0.0020188049080305283,-0.002386381646197827,0.017069703025536117,-0.0020188049080305283,-0.002386381646197827,-0.00039537992918000676,-0.00039537992918000676,-0.002386381646197827,-0.002386381646197827,0.017069703025536117,0.002110797357812,-0.00039537992918000676,4.2117598653677076e-05,0.002378485825955626,0.017069703025536117,-0.00039537992918000676,-0.00039537992918000676,4.2117598653677076e-05,0.002378485825955626,0.002110797357812,0.002378485825955626,-0.0020188049080305283,0.017069703025536117,-0.002386381646197827,-0.0020188049080305283,0.017319703025536117,-0.00039537992918000676,0.017069703025536117,4.2117598653677076e-05,-0.0017980590531091328,-0.002386381646197827,0.002378485825955626,-0.0020188049080305283,0.002378485825955626,-0.002386381646197827,0.017069703025536117,4.2117598653677076e-05,0.017069703025536117,-0.002386381646197827,0.002110797357812,0.002110797357812,4.2117598653677076e-05,0.017069703025536117,0.002378485825955626,-0.002386381646197827,-0.0017980590531091328,-0.00039537992918000676,0.002378485825955626,0.017069703025536117,-0.0017980590531091328,-0.002386381646197827,0.002110797357812,-0.00039537992918000676,-0.002386381646197827
PROP_53,-0.00039537992918000676,0.0005497011103504401,-0.00027642385282527116,-0.00027642385282527116,0.000142096560846561,0.000142096560846561,0.000142096560846561,-2.887485075252696e-05,-0.00039537992918000676,-0.00039537992918000676,-0.00030631909135835886,0.0006339625593388461,-2.887485075252696e-05,0.0006339625593388461,-2.887485075252696e-05,0.0006339625593388461,-0.00039537992918000676,-0.00030631909135835886,-0.00030631909135835886,0.0006339625593388461,0.000142096560846561,-2.887485075252696e-05,0.000142096560846561,0.0006339625593388461,-7.638009020576806e-05,-2.887485075252696e-05,0.0006339625593388461,-0.00030631909135835886,-0.00039537992918000676,0.0006339625593388461,-0.00030631909135835886,0.000142096560846561,0.000142096560846561,-0.00030631909135835886,-0.00030631909135835886,-0.00039537992918000676,-2.887485075252696e-05,0.000142096560846561,-7.638009020576806e-05,0.0005497011103504401,-0.00039537992918000676,0.000142096560846561,0.000142096560846561,-7.638009020576806e-05,0.0005497011103504401,-2.887485075252696e-05,0.0005497011103504401,0.0006339625593388461,-0.00039537992918000676,-0.00030631909135835886,0.0006339625593388461,-0.00039537992918000676,0.000392096560846561,-0.00039537992918000676,-7.638009020576806e-05,-0.00027642385282527116,-0.00030631909135835886,0.0005497011103504401,0.0006339625593388461,0.0005497011103504401,-0.00030631909135835886,-0.00039537992918000676,-7.638009020576806e-05,-0.00039537992918000676,-0.00030631909135835886,-2.887485075252696e-05,-2.887485075252696e-05,-7.638009020576806e-05,-0.00039537992918000676,0.0005497011103504401,-0.00030631909135835886,-0.00027642385282527116,0.000142096560846561,0.0005497011103504401,-0.00039537992918000676,-0.00027642385282527116,-0.00030631909135835886,-2.887485075252696e-05,0.000142096560846561,-0.00030631909135835886
PROP_54,0.017069703025536117,0.002378485825955626,-0.0017980590531091328,-0.0017980590531091328,-0.00039537992918000676,-0.00039537992918000676,-0.00039537992918000676,0.002110797357812,0.017069703025536117,0.017069703025536117,-0.002386381646197827,-0.0020188049080305283,0.002110797357812,-0.0020188049080305283,0.002110797357812,-0.0020188049080305283,0.017069703025536117,-0.002386381646197827,-0.002386381646197827,-0.0020188049080305283,-0.00039537992918000676,0.002110797357812,-0.00039537992918000676,-0.0020188049080305283,4.2117598653677076e-05,0.002110797357812,-0.0020188049080305283,-0.002386381646197827,0.017069703025536117,-0.0020188049080305283,-0.002386381646197827,-0.00039537992918000676,-0.00039537992918000676,-0.002386381646197827,-0.002386381646197827,0.017069703025536117,0.002110797357812,-0.00039537992918000676,4.2117598653677076e-05,0.002378485825955626,0.017069703025536117,-0.00039537992918000676,-0.00039537992918000676,4.2117598653677076e-05,0.002378485825955626,0.002110797357812,0.002378485825955626,-0.0020188049080305283,0.017069703025536117,-0.002386381646197827,-0.0020188049080305283,0.017069703025536117,-0.00039537992918000676,0.01711970302553612,4.2117598653677076e-05,-0.0017980590531091328,-0.002386381646197827,0.002378485825955626,-0.0020188049080305283,0.002378485825955626,-0.002386381646197827,0.017069703025536117,4.2117598653677076e-05,0.017069703025536117,-0.002386381646197827,0.002110797357812,0.002110797357812,4.2117598653677076e-05,0.017069703025536117,0.002378485825955626,-0.002386381646197827,-0.0017980590531091328,-0.00039537992918000676,0.002378485825955626,0.017069703025536117,-0.0017980590531091328,-0.002386381646197827,0.002110797357812,-0.00039537992918000676,-0.002386381646197827
PROP_55,4.2117598653677076e-05,-0.0012214800537365539,9.675804227001359e-05,9.675804227001359e-05,-7.638009020576806e-05,-7.638009020576806e-05,-7.638009020576806e-05,-9.127263483417895e-05,4.2117598653677076e-05,4.2117598653677076e-05,7.90374756033509e-05,-0.00027302358854432304,-9.127263483417895e-05,-0.00027302358854432304,-9.127263483417895e-05,-0.00027302358854432304,4.2117598653677076e-05,7.90374756033509e-05,7.90374756033509e-05,-0.00027302358854432304,-7.638009020576806e-05,-9.127263483417895e-05,-7.638009020576806e-05,-0.00027302358854432304,0.0001572903175206693,-9.127263483417895e-05,-0.00027302358854432304,7.90374756033509e-05,4.2117598653677076e-05,-0.00027302358854432304,7.90374756033509e-05,-7.638009020576806e-05,-7.638009020576806e-05,7.90374756033509e-05,7.90374756033509e-05,4.2117598653677076e-05,-9.127263483417895e-05,-7.638009020576806e-05,0.0001572903175206693,-0.0012214800537365539,4.2117598653677076e-05,-7.638009020576806e-05,-7.638009020576806e-05,0.0001572903175206693,-0.0012214800537365539,-9.127263483417895e-05,-0.0012214800537365539,-0.00027302358854432304,4.2117598653677076e-05,7.90374756033509e-05,-0.00027302358854432304,4.2117598653677076e-05,-7.638009020576806e-05,4.2117598653677076e-05,0.00020729031752066932,9.675804227001359e-05,7.90374756033509e-05,-0.0012214800537365539,-0.00027302358854432304,-0.0012214800537365539,7.90374756033509e-05,4.2117598653677076e-05,0.0001572903175206693,4.2117598653677076e-05,7.90374756033509e-05,-9.127263483417895e-05,-9.127263483417895e-05,0.0001572903175206693,4.2117598653677076e-05,-0.0012214800537365539,7.90374756033509e-05,9.675804227001359e-05,-7.638009020576806e-05,-0.0012214800537365539,4.2117598653677076e-05,9.675804227001359e-05,7.90374756033509e-05,-9.127263483417895e-05,-7.638009020576806e-05,7.90374756033509e-05
PROP_56,-0.0017980590531091328,-0.0012800123317198342,0.0029100512180974124,0.0029100512180974124,-0.00027642385282527116,-0.00027642385282527116,-0.00027642385282527116,4.399571736093841e-05,-0.0017980590531091328,-0.0017980590531091328,0.0012346182285774845,-0.0011520667396141362,4.399571736093841e-05,-0.0011520667396141362,4.399571736093841e-05,-0.0011520667396141362,-0.0017980590531091328,0.0012346182285774845,0.0012346182285774845,-0.0011520667396141362,-0.00027642385282527116,4.399571736093841e-05,-0.00027642385282527116,-0.0011520667396141362,9.675804227001359e-05,4.399571736093841e-05,-0.0011520667396141362,0.0012346182285774845,-0.0017980590531091328,-0.0011520667396141362,0.0012346182285774845,-0.00027642385282527116,-0.00027642385282527116,0.0012346182285774845,0.0012346182285774845,-0.0017980590531091328,4.399571736093841e-05,-0.00027642385282527116,9.675804227001359e-05,-0.0012800123317198342,-0.0017980590531091328,-0.00027642385282527116,-0.00027642385282527116,9.675804227001359e-05,-0.0012800123317198342,4.399571736093841e-05,-0.0012800123317198342,-0.0011520667396141362,-0.0017980590531091328,0.0012346182285774845,-0.0011520667396141362,-0.0017980590531091328,-0.00027642385282527116,-0.0017980590531091328,9.675804227001359e-05,0.0038350512180974124,0.0012346182285774845,-0.0012800123317198342,-0.0011520667396141362,-0.0012800123317198342,0.0012346182285774845,-0.0017980590531091328,9.675804227001359e-05,-0.0017980590531091328,0.0012346182285774845,4.399571736093841e-05,4.399571736093841e-05,9.675804227001359e-05,-0.0017980590531091328,-0.0012800123317198342,0.0012346182285774845,0.0029100512180974124,-0.00027642385282527116,-0.0012800123317198342,-0.0017980590531091328,0.0029100512180974124,0.0012346182285774845,4.399571736093841e-05,-0.00027642385282527116,0.0012346182285774845
PROP_57,-0.002386381646197827,-0.003882531193238533,0.0012346182285774845,0.0012346182285774845,-0.00030631909135835886,-0.00030631909135835886,-0.00030631909135835886,-0.002419547764760122,-0.002386381646197827,-0.002386381646197827,0.00832881335643993,-0.0008160006802365553,-0.002419547764760122,-0.0008160006802365553,-0.002419547764760122,-0.0008160006802365553,-0.002386381646197827,0.00832881335643993,0.00832881335643993,-0.0008160006802365553,-0.00030631909135835886,-0.002419547764760122,-0.00030631909135835886,-0.0008160006802365553,7.90374756033509e-05,-0.002419547764760122,-0.0008160006802365553,0.00832881335643993,-0.002386381646197827,-0.0008160006802365553,0.00832881335643993,-0.00030631909135835886,-0.00030631909135835886,0.00832881335643993,0.00832881335643993,-0.002386381646197827,-0.002419547764760122,-0.00030631909135835886,7.90374756033509e-05,-0.003882531193238533,-0.002386381646197827,-0.00030631909135835886,-0.00030631909135835886,7.90374756033509e-05,-0.003882531193238533,-0.002419547764760122,-0.003882531193238533,-0.0008160006802365553,-0.002386381646197827,0.00832881335643993,-0.0008160006802365553,-0.002386381646197827,-0.00030631909135835886,-0.002386381646197827,7.90374756033509e-05,0.0012346182285774845,0.00922881335643993,-0.003882531193238533,-0.0008160006802365553,-0.003882531193238533,0.00832881335643993,-0.002386381646197827,7.90374756033509e-05,-0.002386381646197827,0.00832881335643993,-0.002419547764760122,-0.002419547764760122,7.90374756033509e-05,-0.002386381646197827,-0.003882531193238533,0.00832881335643993,0.0012346182285774845,-0.00030631909135835886,-0.003882531193238533,-0.002386381646197827,0.0012346182285774845,0.00832881335643993,-0.002419547764760122,-0.00030631909135835886,0.00832881335643993
PROP_58,0.002378485825955626,0.014489980836300357,-0.0012800123317198342,-0.0012800123317198342,0.0005497011103504401,0.0005497011103504401,0.0005497011103504401,0.0004411754248400066,0.002378485825955626,0.002378485825955626,-0.003882531193238533,-0.00037287486266380566,0.0004411754248400066,-0.00037287486266380566,0.0004411754248400066,-0.00037287486266380566,0.002378485825955626,-0.003882531193238533,-0.003882531193238533,-0.00037287486266380566,0.0005497011103504401,0.0004411754248400066,0.0005497011103504401,-0.00037287486266380566,-0.0012214800537365539,0.0004411754248400066,-0.00037287486266380566,-0.003882531193238533,0.002378485825955626,-0.00037287486266380566,-0.003882531193238533,0.0005497011103504401,0.0005497011103504401,-0.003882531193238533,-0.003882531193238533,0.002378485825955626,0.0004411754248400066,0.0005497011103504401,-0.0012214800537365539,0.014489980836300357,0.002378485825955626,0.0005497011103504401,0.0005497011103504401,-0.0012214800537365539,0.014489980836300357,0.0004411754248400066,0.014489980836300357,-0.00037287486266380566,0.002378485825955626,-0.003882531193238533,-0.00037287486266380566,0.002378485825955626,0.0005497011103504401,0.002378485825955626,-0.0012214800537365539,-0.0012800123317198342,-0.003882531193238533,0.014514980836300357,-0.00037287486266380566,0.014489980836300357,-0.003882531193238533,0.002378485825955626,-0.0012214800537365539,0.002378485825955626,-0.003882531193238533,0.0004411754248400066,0.0004411754248400066,-0.0012214800537365539,0.002378485825955626,0.014489980836300357,-0.003882531193238533,-0.0012800123317198342,0.0005497011103504401,0.014489980836300357,0.002378485825955626,-0.0012800123317198342,-0.003882531193238533,0.0004411754248400066,0.0005497011103504401,-0.003882531193238533
PROP_59,-0.0020188049080305283,-0.00037287486266380566,-0.0011520667396141362,-0.0011520667396141362,0.0006339625593388461,0.0006339625593388461,0.0006339625593388461,0.0004970966164068219,-0.0020188049080305283,-0.0020188049080305283,-0.0008160006802365553,0.004122707290657374,0.0004970966164068219,0.004122707290657374,0.0004970966164068219,0.004122707290657374,-0.0020188049080305283,-0.0008160006802365553,-0.0008160006802365553,0.004122707290657374,0.0006339625593388461,0.0004970966164068219,0.0006339625593388461,0.004122707290657374,-0.00027302358854432304,0.0004970966164068219,0.004122707290657374,-0.0008160006802365553,-0.0020188049080305283,0.004122707290657374,-0.0008160006802365553,0.0006339625593388461,0.0006339625593388461,-0.0008160006802365553,-0.0008160006802365553,-0.0020188049080305283,0.0004970966164068219,0.0006339625593388461,-0.00027302358854432304,-0.00037287486266380566,-0.0020188049080305283,0.0006339625593388461,0.0006339625593388461,-0.00027302358854432304,-0.00037287486266380566,0.0004970966164068219,-0.00037287486266380566,0.004122707290657374,-0.0020188049080305283,-0.0008160006802365553,0.004122707290657374,-0.0020188049080305283,0.0006339625593388461,-0.0020188049080305283,-0.00027302358854432304,-0.0011520667396141362,-0.0008160006802365553,-0.00037287486266380566,0.004372707290657374,-0.00037287486266380566,-0.0008160006802365553,-0.0020188049080305283,-0.00027302358854432304,-0.0020188049080305283,-0.0008160006802365553,0.0004970966164068219,0.0004970966164068219,-0.00027302358854432304,-0.0020188049080305283,-0.00037287486266380566,-0.0008160006802365553,-0.0011520667396141362,0.0006339625593388461,-0.00037287486266380566,-0.0020188049080305283,-0.0011520667396141362,-0.0008160006802365553,0.0004970966164068219,0.0006339625593388461,-0.0008160006802365553
PROP_60,0.002378485825955626,0.014489980836300357,-0.0012800123317198342,-0.0012800123317198342,0.0005497011103504401,0.0005497011103504401,0.0005497011103504401,0.0004411754248400066,0.002378485825955626,0.002378485825955626,-0.003882531193238533,-0.00037287486266380566,0.0004411754248400066,-0.00037287486266380566,0.0004411754248400066,-0.00037287486266380566,0.002378485825955626,-0.003882531193238533,-0.003882531193238533,-0.00037287486266380566,0.0005497011103504401,0.0004411754248400066,0.0005497011103504401,-0.00037287486266380566,-0.0012214800537365539,0.0004411754248400066,-0.00037287486266380566,-0.003882531193238533,0.002378485825955626,-0.00037287486266380566,-0.003882531193238533,0.0005497011103504401,0.0005497011103504401,-0.003882531193238533,-0.003882531193238533,0.002378485825955626,0.0004411754248400066,0.0005497011103504401,-0.0012214800537365539,0.014489980836300357,0.002378485825955626,0.0005497011103504401,0.0005497011103504401,-0.0012214800537365539,0.014489980836300357,0.0004411754248400066,0.014489980836300357,-0.00037287486266380566,0.002378485825955626,-0.003882531193238533,-0.00037287486266380566,0.002378485825955626,0.0005497011103504401,0.002378485825955626,-0.0012214800537365539,-0.0012800123317198342,-0.003882531193238533,0.014489980836300357,-0.00037287486266380566,0.015414980836300357,-0.003882531193238533,0.002378485825955626,-0.0012214800537365539,0.002378485825955626,-0.003882531193238533,0.0004411754248400066,0.0004411754248400066,-0.0012214800537365539,0.002378485825955626,0.014489980836300357,-0.003882531193238533,-0.0012800123317198342,0.0005497011103504401,0.014489980836300357,0.002378485825955626,-0.0012800123317198342,-0.003882531193238533,0.0004411754248400066,0.0005497011103504401,-0.003882531193238533
PROP_61,-0.002386381646197827,-0.003882531193238533,0.0012346182285774845,0.0012346182285774845,-0.00030631909135835886,-0.00030631909135835886,-0.00030631909135835886,-0.002419547764760122,-0.002386381646197827,-0.002386381646197827,0.00832881335643993,-0.0008160006802365553,-0.002419547764760122,-0.0008160006802365553,-0.002419547764760122,-0.0008160006802365553,-0.002386381646197827,0.00832881335643993,0.00832881335643993,-0.0008160006802365553,-0.00030631909135835886,-0.002419547764760122,-0.00030631909135835886,-0.0008160006802365553,7.90374756033509e-05,-0.002419547764760122,-0.0008160006802365553,0.00832881335643993,-0.002386381646197827,-0.0008160006802365553,0.00832881335643993,-0.00030631909135835886,-0.00030631909135835886,0.00832881335643993,0.00832881335643993,-0.002386381646197827,-0.002419547764760122,-0.00030631909135835886,7.90374756033509e-05,-0.003882531193238533,-0.002386381646197827,-0.00030631909135835886,-0.00030631909135835886,7.90374756033509e-05,-0.003882531193238533,-0.002419547764760122,-0.003882531193238533,-0.0008160006802365553,-0.002386381646197827,0.00832881335643993,-0.0008160006802365553,-0.002386381646197827,-0.00030631909135835886,-0.002386381646197827,7.90374756033509e-05,0.0012346182285774845,0.00832881335643993,-0.003882531193238533,-0.0008160006802365553,-0.003882531193238533,0.008353813356439931,-0.002386381646197827,7.90374756033509e-05,-0.002386381646197827,0.00832881335643993,-0.002419547764760122,-0.002419547764760122,7.90374756033509e-05,-0.002386381646197827,-0.003882531193238533,0.00832881335643993,0.0012346182285774845,-0.00030631909135835886,-0.003882531193238533,-0.002386381646197827,0.0012346182285774845,0.00832881335643993,-0.002419547764760122,-0.00030631909135835886,0.00832881335643993
PROP_62,0.017069703025536117,0.002378485825955626,-0.0017980590531091328,-0.0017980590531091328,-0.00039537992918000676,-0.00039537992918000676,-0.00039537992918000676,0.002110797357812,0.017069703025536117,0.017069703025536117,-0.002386381646197827,-0.0020188049080305283,0.002110797357812,-0.0020188049080305283,0.002110797357812,-0.0020188049080305283,0.017069703025536117,-0.002386381646197827,-0.002386381646197827,-0.0020188049080305283,-0.00039537992918000676,0.002110797357812,-0.00039537992918000676,-0.0020188049080305283,4.2117598653677076e-05,0.002110797357812,-0.0020188049080305283,-0.002386381646197827,0.017069703025536117,-0.0020188049080305283,-0.002386381646197827,-0.00039537992918000676,-0.00039537992918000676,-0.002386381646197827,-0.002386381646197827,0.017069703025536117,0.002110797357812,-0.00039537992918000676,4.2117598653677076e-05,0.002378485825955626,0.017069703025536117,-0.00039537992918000676,-0.00039537992918000676,4.2117598653677076e-05,0.002378485825955626,0.002110797357812,0.002378485825955626,-0.0020188049080305283,0.017069703025536117,-0.002386381646197827,-0.0020188049080305283,0.017069703025536117,-0.00039537992918000676,0.017069703025536117,4.2117598653677076e-05,-0.0017980590531091328,-0.002386381646197827,0.002378485825955626,-0.0020188049080305283,0.002378485825955626,-0.002386381646197827,0.017069703025536117,4.2117598653677076e-05,0.017069703025536117,-0.002386381646197827,0.002110797357812,0.002110797357812,4.2117598653677076e-05,0.017069703025536117,0.002378485825955626,-0.002386381646197827,-0.0017980590531091328,-0.00039537992918000676,0.002378485825955626,0.017069703025536117,-0.0017980590531091328,-0.002386381646197827,0.002110797357812,-0.00039537992918000676,-0.002386381646197827
PROP_63,4.2117598653677076e-05,-0.0012214800537365539,9.675804227001359e-05,9.675804227001359e-05,-7.638009020576806e-05,-7.638009020576806e-05,-7.638009020576806e-05,-9.127263483417895e-05,4.2117598653677076e-05,4.2117598653677076e-05,7.90374756033509e-05,-0.00027302358854432304,-9.127263483417895e-05,-0.00027302358854432304,-9.127263483417895e-05,-0.00027302358854432304,4.2117598653677076e-05,7.90374756033509e-05,7.90374756033509e-05,-0.00027302358854432304,-7.638009020576806e-05,-9.127263483417895e-05,-7.638009020576806e-05,-0.00027302358854432304,0.0001572903175206693,-9.127263483417895e-05,-0.00027302358854432304,7.90374756033509e-05,4.2117598653677076e-05,-0.00027302358854432304,7.90374756033509e-05,-7.638009020576806e-05,-7.638009020576806e-05,7.90374756033509e-05,7.90374756033509e-05,4.2117598653677076e-05,-9.127263483417895e-05,-7.638009020576806e-05,0.0001572903175206693,-0.0012214800537365539,4.2117598653677076e-05,-7.638009020576806e-05,-7.638009020576806e-05,0.0001572903175206693,-0.0012214800537365539,-9.127263483417895e-05,-0.0012214800537365539,-0.00027302358854432304,4.2117598653677076e-05,7.90374756033509e-05,-0.00027302358854432304,4.2117598653677076e-05,-7.638009020576806e-05,4.2117598653677076e-05,0.0001572903175206693,9.675804227001359e-05,7.90374756033509e-05,-0.0012214800537365539,-0.00027302358854432304,-0.0012214800537365539,7.90374756033509e-05,4.2117598653677076e-05,0.0005572903175206693,4.2117598653677076e-05,7.90374756033509e-05,-9.127263483417895e-05,-9.127263483417895e-05,0.0001572903175206693,4.2117598653677076e-05,-0.0012214800537365539,7.90374756033509e-05,9.675804227001359e-05,-7.638009020576806e-05,-0.0012214800537365539,4.2117598653677076e-05,9.675804227001359e-05,7.90374756033509e-05,-9.127263483417895e-05,-7.638009020576806e-05,7.90374756033509e-05
PROP_64,0.017069703025536117,0.002378485825955626,-0.0017980590531091328,-0.0017980590531091328,-0.00039537992918000676,-0.00039537992918000676,-0.00039537992918000676,0.002110797357812,0.017069703025536117,0.017069703025536117,-0.002386381646197827,-0.0020188049080305283,0.002110797357812,-0.0020188049080305283,0.002110797357812,-0.0020188049080305283,0.017069703025536117,-0.002386381646197827,-0.002386381646197827,-0.0020188049080305283,-0.00039537992918000676,0.002110797357812,-0.00039537992918000676,-0.0020188049080305283,4.2117598653677076e-05,0.002110797357812,-0.0020188049080305283,-0.002386381646197827,0.017069703025536117,-0.0020188049080305283,-0.002386381646197827,-0.00039537992918000676,-0.00039537992918000676,-0.002386381646197827,-0.002386381646197827,0.017069703025536117,0.002110797357812,-0.00039537992918000676,4.2117598653677076e-05,0.002378485825955626,0.017069703025536117,-0.00039537992918000676,-0.00039537992918000676,4.2117598653677076e-05,0.002378485825955626,0.002110797357812,0.002378485825955626,-0.0020188049080305283,0.017069703025536117,-0.002386381646197827,-0.0020188049080305283,0.017069703025536117,-0.00039537992918000676,0.017069703025536117,4.2117598653677076e-05,-0.0017980590531091328,-0.002386381646197827,0.002378485825955626,-0.0020188049080305283,0.002378485825955626,-0.002386381646197827,0.017069703025536117,4.2117598653677076e-05,0.017319703025536117,-0.002386381646197827,0.002110797357812,0.002110797357812,4.2117598653677076e-05,0.017069703025536117,0.002378485825955626,-0.002386381646197827,-0.0017980590531091328,-0.00039537992918000676,0.002378485825955626,0.017069703025536117,-0.0017980590531091328,-0.002386381646197827,0.002110797357812,-0.00039537992918000676,-0.002386381646197827
PROP_65,-0.002386381646197827,-0.003882531193238533,0.0012346182285774845,0.0012346182285774845,-0.00030631909135835886,-0.00030631909135835886,-0.00030631909135835886,-0.002419547764760122,-0.002386381646197827,-0.002386381646197827,0.00832881335643993,-0.0008160006802365553,-0.002419547764760122,-0.0008160006802365553,-0.002419547764760122,-0.0008160006802365553,-0.002386381646197827,0.00832881335643993,0.00832881335643993,-0.0008160006802365553,-0.00030631909135835886,-0.002419547764760122,-0.00030631909135835886,-0.0008160006802365553,7.90374756033509e-05,-0.002419547764760122,-0.0008160006802365553,0.00832881335643993,-0.002386381646197827,-0.0008160006802365553,0.00832881335643993,-0.00030631909135835886,-0.00030631909135835886,0.00832881335643993,0.00832881335643993,-0.002386381646197827,-0.002419547764760122,-0.00030631909135835886,7.90374756033509e-05,-0.003882531193238533,-0.002386381646197827,-0.00030631909135835886,-0.00030631909135835886,7.90374756033509e-05,-0.003882531193238533,-0.002419547764760122,-0.003882531193238533,-0.0008160006802365553,-0.002386381646197827,0.00832881335643993,-0.0008160006802365553,-0.002386381646197827,-0.00030631909135835886,-0.002386381646197827,7.90374756033509e-05,0.0012346182285774845,0.00832881335643993,-0.003882531193238533,-0.0008160006802365553,-0.003882531193238533,0.00832881335643993,-0.002386381646197827,7.90374756033509e-05,-0.002386381646197827,0.008378813356439932,-0.002419547764760122,-0.002419547764760122,7.90374756033509e-05,-0.002386381646197827,-0.003882531193238533,0.00832881335643993,0.0012346182285774845,-0.00030631909135835886,-0.003882531193238533,-0.002386381646197827,0.0012346182285774845,0.00832881335643993,-0.002419547764760122,-0.00030631909135835886,0.00832881335643993
PROP_66,0.002110797357812,0.0004411754248400066,4.399571736093841e-05,4.399571736093841e-05,-2.887485075252696e-05,-2.887485075252696e-05,-2.887485075252696e-05,0.0016754929240902557,0.002110797357812,0.002110797357812,-0.002419547764760122,0.0004970966164068219,0.0016754929240902557,0.0004970966164068219,0.0016754929240902557,0.0004970966164068219,0.002110797357812,-0.002419547764760122,-0.002419547764760122,0.0004970966164068219,-2.887485075252696e-05,0.0016754929240902557,-2.887485075252696e-05,0.0004970966164068219,-9.127263483417895e-05,0.0016754929240902557,0.0004970966164068219,-0.002419547764760122,0.002110797357812,0.0004970966164068219,-0.002419547764760122,-2.887485075252696e-05,-2.887485075252696e-05,-0.002419547764760122,-0.002419547764760122,0.002110797357812,0.0016754929240902557,-2.887485075252696e-05,-9.127263483417895e-05,0.0004411754248400066,0.002110797357812,-2.887485075252696e-05,-2.887485075252696e-05,-9.127263483417895e-05,0.0004411754248400066,0.0016754929240902557,0.0004411754248400066,0.0004970966164068219,0.002110797357812,-0.002419547764760122,0.0004970966164068219,0.002110797357812,-2.887485075252696e-05,0.002110797357812,-9.127263483417895e-05,4.399571736093841e-05,-0.002419547764760122,0.0004411754248400066,0.0004970966164068219,0.0004411754248400066,-0.002419547764760122,0.002110797357812,-9.127263483417895e-05,0.002110797357812,-0.002419547764760122,0.002600492924090256,0.0016754929240902557,-9.127263483417895e-05,0.002110797357812,0.0004411754248400066,-0.002419547764760122,4.399571736093841e-05,-2.887485075252696e-05,0.0004411754248400066,0.002110797357812,4.399571736093841e-05,-0.002419547764760122,0.0016754929240902557,-2.887485075252696e-05,-0.002419547764760122
PROP_67,0.002110797357812,0.0004411754248400066,4.399571736093841e-05,4.399571736093841e-05,-2.887485075252696e-05,-2.887485075252696e-05,-2.887485075252696e-05,0.0016754929240902557,0.002110797357812,0.002110797357812,-0.002419547764760122,0.0004970966164068219,0.0016754929240902557,0.0004970966164068219,0.0016754929240902557,0.0004970966164068219,0.002110797357812,-0.002419547764760122,-0.002419547764760122,0.0004970966164068219,-2.887485075252696e-05,0.0016754929240902557,-2.887485075252696e-05,0.0004970966164068219,-9.127263483417895e-05,0.0016754929240902557,0.0004970966164068219,-0.002419547764760122,0.002110797357812,0.0004970966164068219,-0.002419547764760122,-2.887485075252696e-05,-2.887485075252696e-05,-0.002419547764760122,-0.002419547764760122,0.002110797357812,0.0016754929240902557,-2.887485075252696e-05,-9.127263483417895e-05,0.0004411754248400066,0.002110797357812,-2.887485075252696e-05,-2.887485075252696e-05,-9.127263483417895e-05,0.0004411754248400066,0.0016754929240902557,0.0004411754248400066,0.0004970966164068219,0.002110797357812,-0.002419547764760122,0.0004970966164068219,0.002110797357812,-2.887485075252696e-05,0.002110797357812,-9.127263483417895e-05,4.399571736093841e-05,-0.002419547764760122,0.0004411754248400066,0.0004970966164068219,0.0004411754248400066,-0.002419547764760122,0.002110797357812,-9.127263483417895e-05,0.002110797357812,-0.002419547764760122,0.0016754929240902557,0.004175492924090256,-9.127263483417895e-05,0.002110797357812,0.0004411754248400066,-0.002419547764760122,4.399571736093841e-05,-2.887485075252696e-05,0.0004411754248400066,0.002110797357812,4.399571736093841e-05,-0.002419547764760122,0.0016754929240902557,-2.887485075252696e-05,-0.002419547764760122
PROP_68,4.2117598653677076e-05,-0.0012214800537365539,9.675804227001359e-05,9.675804227001359e-05,-7.638009020576806e-05,-7.638009020576806e-05,-7.638009020576806e-05,-9.127263483417895e-05,4.2117598653677076e-05,4.2117598653677076e-05,7.90374756033509e-05,-0.00027302358854432304,-9.127263483417895e-05,-0.00027302358854432304,-9.127263483417895e-05,-0.00027302358854432304,4.2117598653677076e-05,7.90374756033509e-05,7.90374756033509e-05,-0.00027302358854432304,-7.638009020576806e-05,-9.127263483417895e-05,-7.638009020576806e-05,-0.00027302358854432304,0.0001572903175206693,-9.127263483417895e-05,-0.00027302358854432304,7.90374756033509e-05,4.2117598653677076e-05,-0.00027302358854432304,7.90374756033509e-05,-7.638009020576806e-05,-7.638009020576806e-05,7.90374756033509e-05,7.90374756033509e-05,4.2117598653677076e-05,-9.127263483417895e-05,-7.638009020576806e-05,0.0001572903175206693,-0.0012214800537365539,4.2117598653677076e-05,-7.638009020576806e-05,-7.638009020576806e-05,0.0001572903175206693,-0.0012214800537365539,-9.127263483417895e-05,-0.0012214800537365539,-0.00027302358854432304,4.2117598653677076e-05,7.90374756033509e-05,-0.00027302358854432304,4.2117598653677076e-05,-7.638009020576806e-05,4.2117598653677076e-05,0.0001572903175206693,9.675804227001359e-05,7.90374756033509e-05,-0.0012214800537365539,-0.00027302358854432304,-0.0012214800537365539,7.90374756033509e-05,4.2117598653677076e-05,0.0001572903175206693,4.2117598653677076e-05,7.90374756033509e-05,-9.127263483417895e-05,-9.127263483417895e-05,0.0003822903175206693,4.2117598653677076e-05,-0.0012214800537365539,7.90374756033509e-05,9.675804227001359e-05,-7.638009020576806e-05,-0.0012214800537365539,4.2117598653677076e-05,9.675804227001359e-05,7.90374756033509e-05,-9.127263483417895e-05,-7.638009020576806e-05,7.90374756033509e-05
PROP_69,0.017069703025536117,0.002378485825955626,-0.0017980590531091328,-0.0017980590531091328,-0.00039537992918000676,-0.00039537992918000676,-0.00039537992918000676,0.002110797357812,0.017069703025536117,0.017069703025536117,-0.002386381646197827,-0.0020188049080305283,0.002110797357812,-0.0020188049080305283,0.002110797357812,-0.0020188049080305283,0.017069703025536117,-0.002386381646197827,-0.002386381646197827,-0.0020188049080305283,-0.00039537992918000676,0.002110797357812,-0.00039537992918000676,-0.0020188049080305283,4.2117598653677076e-05,0.002110797357812,-0.0020188049080305283,-0.002386381646197827,0.017069703025536117,-0.0020188049080305283,-0.002386381646197827,-0.00039537992918000676,-0.00039537992918000676,-0.002386381646197827,-0.002386381646197827,0.017069703025536117,0.002110797357812,-0.00039537992918000676,4.2117598653677076e-05,0.002378485825955626,0.017069703025536117,-0.00039537992918000676,-0.00039537992918000676,4.2117598653677076e-05,0.002378485825955626,0.002110797357812,0.002378485825955626,-0.0020188049080305283,0.017069703025536117,-0.002386381646197827,-0.0020188049080305283,0.017069703025536117,-0.00039537992918000676,0.017069703025536117,4.2117598653677076e-05,-0.0017980590531091328,-0.002386381646197827,0.002378485825955626,-0.0020188049080305283,0.002378485825955626,-0.002386381646197827,0.017069703025536117,4.2117598653677076e-05,0.017069703025536117,-0.002386381646197827,0.002110797357812,0.002110797357812,4.2117598653677076e-05,0.019569703025536116,0.002378485825955626,-0.002386381646197827,-0.0017980590531091328,-0.00039537992918000676,0.002378485825955626,0.017069703025536117,-0.0017980590531091328,-0.002386381646197827,0.002110797357812,-0.00039537992918000676,-0.002386381646197827
PROP_70,0.002378485825955626,0.014489980836300357,-0.0012800123317198342,-0.0012800123317198342,0.0005497011103504401,0.0005497011103504401,0.0005497011103504401,0.0004411754248400066,0.002378485825955626,0.002378485825955626,-0.003882531193238533,-0.00037287486266380566,0.0004411754248400066,-0.00037287486266380566,0.0004411754248400066,-0.00037287486266380566,0.002378485825955626,-0.003882531193238533,-0.003882531193238533,-0.00037287486266380566,0.0005497011103504401,0.0004411754248400066,0.0005497011103504401,-0.00037287486266380566,-0.0012214800537365539,0.0004411754248400066,-0.00037287486266380566,-0.003882531193238533,0.002378485825955626,-0.00037287486266380566,-0.003882531193238533,0.0005497011103504401,0.0005497011103504401,-0.003882531193238533,-0.003882531193238533,0.002378485825955626,0.0004411754248400066,0.0005497011103504401,-0.0012214800537365539,0.014489980836300357,0.002378485825955626,0.0005497011103504401,0.0005497011103504401,-0.0012214800537365539,0.014489980836300357,0.0004411754248400066,0.014489980836300357,-0.00037287486266380566,0.002378485825955626,-0.003882531193238533,-0.00037287486266380566,0.002378485825955626,0.0005497011103504401,0.002378485825955626,-0.0012214800537365539,-0.0012800123317198342,-0.003882531193238533,0.014489980836300357,-0.00037287486266380566,0.014489980836300357,-0.003882531193238533,0.002378485825955626,-0.0012214800537365539,0.002378485825955626,-0.003882531193238533,0.0004411754248400066,0.0004411754248400066,-0.0012214800537365539,0.002378485825955626,0.014489980836300357,-0.003882531193238533,-0.0012800123317198342,0.0005497011103504401,0.014489980836300357,0.002378485825955626,-0.0012800123317198342,-0.003882531193238533,0.0004411754248400066,0.0005497011103504401,-0.003882531193238533
PROP_71,-0.002386381646197827,-0.003882531193238533,0.0012346182285774845,0.0012346182285774845,-0.00030631909135835886,-0.00030631909135835886,-0.00030631909135835886,-0.002419547764760122,-0.002386381646197827,-0.002386381646197827,0.00832881335643993,-0.0008160006802365553,-0.002419547764760122,-0.0008160006802365553,-0.002419547764760122,-0.0008160006802365553,-0.002386381646197827,0.00832881335643993,0.00832881335643993,-0.0008160006802365553,-0.00030631909135835886,-0.002419547764760122,-0.00030631909135835886,-0.0008160006802365553,7.90374756033509e-05,-0.002419547764760122,-0.0008160006802365553,0.00832881335643993,-0.002386381646197827,-0.0008160006802365553,0.00832881335643993,-0.00030631909135835886,-0.00030631909135835886,0.00832881335643993,0.00832881335643993,-0.002386381646197827,-0.002419547764760122,-0.00030631909135835886,7.90374756033509e-05,-0.003882531193238533,-0.002386381646197827,-0.00030631909135835886,-0.00030631909135835886,7.90374756033509e-05,-0.003882531193238533,-0.002419547764760122,-0.003882531193238533,-0.0008160006802365553,-0.002386381646197827,0.00832881335643993,-0.0008160006802365553,-0.002386381646197827,-0.00030631909135835886,-0.002386381646197827,7.90374756033509e-05,0.0012346182285774845,0.00832881335643993,-0.003882531193238533,-0.0008160006802365553,-0.003882531193238533,0.00832881335643993,-0.002386381646197827,7.90374756033509e-05,-0.002386381646197827,0.00832881335643993,-0.002419547764760122,-0.002419547764760122,7.90374756033509e-05,-0.002386381646197827,-0.003882531193238533,0.010853813356439932,0.0012346182285774845,-0.00030631909135835886,-0.003882531193238533,-0.002386381646197827,0.0012346182285774845,0.00832881335643993,-0.002419547764760122,-0.00030631909135835886,0.00832881335643993
PROP_72,-0.0017980590531091328,-0.0012800123317198342,0.0029100512180974124,0.0029100512180974124,-0.00027642385282527116,-0.00027642385282527116,-0.00027642385282527116,4.399571736093841e-05,-0.0017980590531091328,-0.0017980590531091328,0.0012346182285774845,-0.0011520667396141362,4.399571736093841e-05,-0.0011520667396141362,4.399571736093841e-05,-0.0011520667396141362,-0.0017980590531091328,0.0012346182285774845,0.0012346182285774845,-0.0011520667396141362,-0.00027642385282527116,4.399571736093841e-05,-0.00027642385282527116,-0.0011520667396141362,9.675804227001359e-05,4.399571736093841e-05,-0.0011520667396141362,0.0012346182285774845,-0.0017980590531091328,-0.0011520667396141362,0.0012346182285774845,-0.00027642385282527116,-0.00027642385282527116,0.0012346182285774845,0.0012346182285774845,-0.0017980590531091328,4.399571736093841e-05,-0.00027642385282527116,9.675804227001359e-05,-0.0012800123317198342,-0.0017980590531091328,-0.00027642385282527116,-0.00027642385282527116,9.675804227001359e-05,-0.0012800123317198342,4.399571736093841e-05,-0.0012800123317198342,-0.0011520667396141362,-0.0017980590531091328,0.0012346182285774845,-0.0011520667396141362,-0.0017980590531091328,-0.00027642385282527116,-0.0017980590531091328,9.675804227001359e-05,0.0029100512180974124,0.0012346182285774845,-0.0012800123317198342,-0.0011520667396141362,-0.0012800123317198342,0.0012346182285774845,-0.0017980590531091328,9.675804227001359e-05,-0.0017980590531091328,0.0012346182285774845,4.399571736093841e-05,4.399571736093841e-05,9.675804227001359e-05,-0.0017980590531091328,-0.0012800123317198342,0.0012346182285774845,0.0029350512180974122,-0.00027642385282527116,-0.0012800123317198342,-0.0017980590531091328,0.0029100512180974124,0.0012346182285774845,4.399571736093841e-05,-0.00027642385282527116,0.0012346182285774845
PROP_73,-0.00039537992918000676,0.0005497011103504401,-0.00027642385282527116,-0.00027642385282527116,0.000142096560846561,0.000142096560846561,0.000142096560846561,-2.887485075252696e-05,-0.00039537992918000676,-0.00039537992918000676,-0.00030631909135835886,0.0006339625593388461,-2.887485075252696e-05,0.0006339625593388461,-2.887485075252696e-05,0.0006339625593388461,-0.00039537992918000676,-0.00030631909135835886,-0.00030631909135835886,0.0006339625593388461,0.000142096560846561,-2.887485075252696e-05,0.000142096560846561,0.0006339625593388461,-7.638009020576806e-05,-2.887485075252696e-05,0.0006339625593388461,-0.00030631909135835886,-0.00039537992918000676,0.0006339625593388461,-0.00030631909135835886,0.000142096560846561,0.000142096560846561,-0.00030631909135835886,-0.00030631909135835886,-0.00039537992918000676,-2.887485075252696e-05,0.000142096560846561,-7.638009020576806e-05,0.0005497011103504401,-0.00039537992918000676,0.000142096560846561,0.000142096560846561,-7.638009020576806e-05,0.0005497011103504401,-2.887485075252696e-05,0.0005497011103504401,0.0006339625593388461,-0.00039537992918000676,-0.00030631909135835886,0.0006339625593388461,-0.00039537992918000676,0.000142096560846561,-0.00039537992918000676,-7.638009020576806e-05,-0.00027642385282527116,-0.00030631909135835886,0.0005497011103504401,0.0006339625593388461,0.0005497011103504401,-0.00030631909135835886,-0.00039537992918000676,-7.638009020576806e-05,-0.00039537992918000676,-0.00030631909135835886,-2.887485075252696e-05,-2.887485075252696e-05,-7.638009020576806e-05,-0.00039537992918000676,0.0005497011103504401,-0.00030631909135835886,-0.00027642385282527116,0.00016709656084656102,0.0005497011103504401,-0.00039537992918000676,-0.00027642385282527116,-0.00030631909135835886,-2.887485075252696e-05,0.000142096560846561,-0.00030631909135835886
PROP_74,0.002378485825955626,0.014489980836300357,-0.0012800123317198342,-0.0012800123317198342,0.0005497011103504401,0.0005497011103504401,0.0005497011103504401,0.0004411754248400066,0.002378485825955626,0.002378485825955626,-0.003882531193238533,-0.00037287486266380566,0.0004411754248400066,-0.00037287486266380566,0.0004411754248400066,-0.00037287486266380566,0.002378485825955626,-0.003882531193238533,-0.003882531193238533,-0.00037287486266380566,0.0005497011103504401,0.0004411754248400066,0.0005497011103504401,-0.00037287486266380566,-0.0012214800537365539,0.0004411754248400066,-0.00037287486266380566,-0.003882531193238533,0.002378485825955626,-0.00037287486266380566,-0.003882531193238533,0.0005497011103504401,0.0005497011103504401,-0.003882531193238533,-0.003882531193238533,0.002378485825955626,0.0004411754248400066,0.0005497011103504401,-0.0012214800537365539,0.014489980836300357,0.002378485825955626,0.0005497011103504401,0.0005497011103504401,-0.0012214800537365539,0.014489980836300357,0.0004411754248400066,0.014489980836300357,-0.00037287486266380566,0.002378485825955626,-0.003882531193238533,-0.00037287486266380566,0.002378485825955626,0.0005497011103504401,0.002378485825955626,-0.0012214800537365539,-0.0012800123317198342,-0.003882531193238533,0.014489980836300357,-0.00037287486266380566,0.014489980836300357,-0.003882531193238533,0.002378485825955626,-0.0012214800537365539,0.002378485825955626,-0.003882531193238533,0.0004411754248400066,0.0004411754248400066,-0.0012214800537365539,0.002378485825955626,0.014489980836300357,-0.003882531193238533,-0.0012800123317198342,0.0005497011103504401,0.017014980836300358,0.002378485825955626,-0.0012800123317198342,-0.003882531193238533,0.0004411754248400066,0.0005497011103504401,-0.003882531193238533
PROP_75,0.017069703025536117,0.002378485825955626,-0.0017980590531091328,-0.0017980590531091328,-0.00039537992918000676,-0.00039537992918000676,-0.00039537992918000676,0.002110797357812,0.017069703025536117,0.017069703025536117,-0.002386381646197827,-0.0020188049080305283,0.002110797357812,-0.0020188049080305283,0.002110797357812,-0.0020188049080305283,0.017069703025536117,-0.002386381646197827,-0.002386381646197827,-0.0020188049080305283,-0.00039537992918000676,0.002110797357812,-0.00039537992918000676,-0.0020188049080305283,4.2117598653677076e-05,0.002110797357812,-0.0020188049080305283,-0.002386381646197827,0.017069703025536117,-0.0020188049080305283,-0.002386381646197827,-0.00039537992918000676,-0.00039537992918000676,-0.002386381646197827,-0.002386381646197827,0.017069703025536117,0.002110797357812,-0.00039537992918000676,4.2117598653677076e-05,0.002378485825955626,0.017069703025536117,-0.00039537992918000676,-0.00039537992918000676,4.2117598653677076e-05,0.002378485825955626,0.002110797357812,0.002378485825955626,-0.0020188049080305283,0.017069703025536117,-0.002386381646197827,-0.0020188049080305283,0.017069703025536117,-0.00039537992918000676,0.017069703025536117,4.2117598653677076e-05,-0.0017980590531091328,-0.002386381646197827,0.002378485825955626,-0.0020188049080305283,0.002378485825955626,-0.002386381646197827,0.017069703025536117,4.2117598653677076e-05,0.017069703025536117,-0.002386381646197827,0.002110797357812,0.002110797357812,4.2117598653677076e-05,0.017069703025536117,0.002378485825955626,-0.002386381646197827,-0.0017980590531091328,-0.00039537992918000676,0.002378485825955626,0.018194703025536118,-0.0017980590531091328,-0.002386381646197827,0.002110797357812,-0.00039537992918000676,-0.002386381646197827
PROP_76,-0.0017980590531091328,-0.0012800123317198342,0.0029100512180974124,0.0029100512180974124,-0.00027642385282527116,-0.00027642385282527116,-0.00027642385282527116,4.399571736093841e-05,-0.0017980590531091328,-0.0017980590531091328,0.0012346182285774845,-0.0011520667396141362,4.399571736093841e-05,-0.0011520667396141362,4.399571736093841e-05,-0.0011520667396141362,-0.0017980590531091328,0.0012346182285774845,0.0012346182285774845,-0.0011520667396141362,-0.00027642385282527116,4.399571736093841e-05,-0.00027642385282527116,-0.0011520667396141362,9.675804227001359e-05,4.399571736093841e-05,-0.0011520667396141362,0.0012346182285774845,-0.0017980590531091328,-0.0011520667396141362,0.0012346182285774845,-0.00027642385282527116,-0.00027642385282527116,0.0012346182285774845,0.0012346182285774845,-0.0017980590531091328,4.399571736093841e-05,-0.00027642385282527116,9.675804227001359e-05,-0.0012800123317198342,-0.0017980590531091328,-0.00027642385282527116,-0.00027642385282527116,9.675804227001359e-05,-0.0012800123317198342,4.399571736093841e-05,-0.0012800123317198342,-0.0011520667396141362,-0.0017980590531091328,0.0012346182285774845,-0.0011520667396141362,-0.0017980590531091328,-0.00027642385282527116,-0.0017980590531091328,9.675804227001359e-05,0.0029100512180974124,0.0012346182285774845,-0.0012800123317198342,-0.0011520667396141362,-0.0012800123317198342,0.0012346182285774845,-0.0017980590531091328,9.675804227001359e-05,-0.0017980590531091328,0.0012346182285774845,4.399571736093841e-05,4.399571736093841e-05,9.675804227001359e-05,-0.0017980590531091328,-0.0012800123317198342,0.0012346182285774845,0.0029100512180974124,-0.00027642385282527116,-0.0012800123317198342,-0.0017980590531091328,0.0029100512180974124,0.0012346182285774845,4.399571736093841e-05,-0.00027642385282527116,0.0012346182285774845
PROP_77,-0.002386381646197827,-0.003882531193238533,0.0012346182285774845,0.0012346182285774845,-0.00030631909135835886,-0.00030631909135835886,-0.00030631909135835886,-0.002419547764760122,-0.002386381646197827,-0.002386381646197827,0.00832881335643993,-0.0008160006802365553,-0.002419547764760122,-0.0008160006802365553,-0.002419547764760122,-0.0008160006802365553,-0.002386381646197827,0.00832881335643993,0.00832881335643993,-0.0008160006802365553,-0.00030631909135835886,-0.002419547764760122,-0.00030631909135835886,-0.0008160006802365553,7.90374756033509e-05,-0.002419547764760122,-0.0008160006802365553,0.00832881335643993,-0.002386381646197827,-0.0008160006802365553,0.00832881335643993,-0.00030631909135835886,-0.00030631909135835886,0.00832881335643993,0.00832881335643993,-0.002386381646197827,-0.002419547764760122,-0.00030631909135835886,7.90374756033509e-05,-0.003882531193238533,-0.002386381646197827,-0.00030631909135835886,-0.00030631909135835886,7.90374756033509e-05,-0.003882531193238533,-0.002419547764760122,-0.003882531193238533,-0.0008160006802365553,-0.002386381646197827,0.00832881335643993,-0.0008160006802365553,-0.002386381646197827,-0.00030631909135835886,-0.002386381646197827,7.90374756033509e-05,0.0012346182285774845,0.00832881335643993,-0.003882531193238533,-0.0008160006802365553,-0.003882531193238533,0.00832881335643993,-0.002386381646197827,7.90374756033509e-05,-0.002386381646197827,0.00832881335643993,-0.002419547764760122,-0.002419547764760122,7.90374756033509e-05,-0.002386381646197827,-0.003882531193238533,0.00832881335643993,0.0012346182285774845,-0.00030631909135835886,-0.003882531193238533,-0.002386381646197827,0.0012346182285774845,0.008353813356439931,-0.002419547764760122,-0.00030631909135835886,0.00832881335643993
PROP_78,0.002110797357812,0.0004411754248400066,4.399571736093841e-05,4.399571736093841e-05,-2.887485075252696e-05,-2.887485075252696e-05,-2.887485075252696e-05,0.0016754929240902557,0.002110797357812,0.002110797357812,-0.002419547764760122,0.0004970966164068219,0.0016754929240902557,0.0004970966164068219,0.0016754929240902557,0.0004970966164068219,0.002110797357812,-0.002419547764760122,-0.002419547764760122,0.0004970966164068219,-2.887485075252696e-05,0.0016754929240902557,-2.887485075252696e-05,0.0004970966164068219,-9.127263483417895e-05,0.0016754929240902557,0.0004970966164068219,-0.002419547764760122,0.002110797357812,0.0004970966164068219,-0.002419547764760122,-2.887485075252696e-05,-2.887485075252696e-05,-0.002419547764760122,-0.002419547764760122,0.002110797357812,0.0016754929240902557,-2.887485075252696e-05,-9.127263483417895e-05,0.0004411754248400066,0.002110797357812,-2.887485075252696e-05,-2.887485075252696e-05,-9.127263483417895e-05,0.0004411754248400066,0.0016754929240902557,0.0004411754248400066,0.0004970966164068219,0.002110797357812,-0.002419547764760122,0.0004970966164068219,0.002110797357812,-2.887485075252696e-05,0.002110797357812,-9.127263483417895e-05,4.399571736093841e-05,-0.002419547764760122,0.0004411754248400066,0.0004970966164068219,0.0004411754248400066,-0.002419547764760122,0.002110797357812,-9.127263483417895e-05,0.002110797357812,-0.002419547764760122,0.0016754929240902557,0.0016754929240902557,-9.127263483417895e-05,0.002110797357812,0.0004411754248400066,-0.002419547764760122,4.399571736093841e-05,-2.887485075252696e-05,0.0004411754248400066,0.002110797357812,4.399571736093841e-05,-0.002419547764760122,0.0021004929240902555,-2.887485075252696e-05,-0.002419547764760122
PROP_79,-0.00039537992918000676,0.0005497011103504401,-0.00027642385282527116,-0.00027642385282527116,0.000142096560846561,0.000142096560846561,0.000142096560846561,-2.887485075252696e-05,-0.00039537992918000676,-0.00039537992918000676,-0.00030631909135835886,0.0006339625593388461,-2.887485075252696e-05,0.0006339625593388461,-2.887485075252696e-05,0.0006339625593388461,-0.00039537992918000676,-0.00030631909135835886,-0.00030631909135835886,0.0006339625593388461,0.000142096560846561,-2.887485075252696e-05,0.000142096560846561,0.0006339625593388461,-7.638009020576806e-05,-2.887485075252696e-05,0.0006339625593388461,-0.00030631909135835886,-0.00039537992918000676,0.0006339625593388461,-0.00030631909135835886,0.000142096560846561,0.000142096560846561,-0.00030631909135835886,-0.00030631909135835886,-0.00039537992918000676,-2.887485075252696e-05,0.000142096560846561,-7.638009020576806e-05,0.0005497011103504401,-0.00039537992918000676,0.000142096560846561,0.000142096560846561,-7.638009020576806e-05,0.0005497011103504401,-2.887485075252696e-05,0.0005497011103504401,0.0006339625593388461,-0.00039537992918000676,-0.00030631909135835886,0.0006339625593388461,-0.00039537992918000676,0.000142096560846561,-0.00039537992918000676,-7.638009020576806e-05,-0.00027642385282527116,-0.00030631909135835886,0.0005497011103504401,0.0006339625593388461,0.0005497011103504401,-0.00030631909135835886,-0.00039537992918000676,-7.638009020576806e-05,-0.00039537992918000676,-0.00030631909135835886,-2.887485075252696e-05,-2.887485075252696e-05,-7.638009020576806e-05,-0.00039537992918000676,0.0005497011103504401,-0.00030631909135835886,-0.00027642385282527116,0.000142096560846561,0.0005497011103504401,-0.00039537992918000676,-0.00027642385282527116,-0.00030631909135835886,-2.887485075252696e-05,0.00016709656084656102,-0.00030631909135835886
PROP_80,-0.002386381646197827,-0.003882531193238533,0.0012346182285774845,0.0012346182285774845,-0.00030631909135835886,-0.00030631909135835886,-0.00030631909135835886,-0.002419547764760122,-0.002386381646197827,-0.002386381646197827,0.00832881335643993,-0.0008160006802365553,-0.002419547764760122,-0.0008160006802365553,-0.002419547764760122,-0.0008160006802365553,-0.002386381646197827,0.00832881335643993,0.00832881335643993,-0.0008160006802365553,-0.00030631909135835886,-0.002419547764760122,-0.00030631909135835886,-0.0008160006802365553,7.90374756033509e-05,-0.002419547764760122,-0.0008160006802365553,0.00832881335643993,-0.002386381646197827,-0.0008160006802365553,0.00832881335643993,-0.00030631909135835886,-0.00030631909135835886,0.00832881335643993,0.00832881335643993,-0.002386381646197827,-0.002419547764760122,-0.00030631909135835886,7.90374756033509e-05,-0.003882531193238533,-0.002386381646197827,-0.00030631909135835886,-0.00030631909135835886,7.90374756033509e-05,-0.003882531193238533,-0.002419547764760122,-0.003882531193238533,-0.0008160006802365553,-0.002386381646197827,0.00832881335643993,-0.0008160006802365553,-0.002386381646197827,-0.00030631909135835886,-0.002386381646197827,7.90374756033509e-05,0.0012346182285774845,0.00832881335643993,-0.003882531193238533,-0.0008160006802365553,-0.003882531193238533,0.00832881335643993,-0.002386381646197827,7.90374756033509e-05,-0.002386381646197827,0.00832881335643993,-0.002419547764760122,-0.002419547764760122,7.90374756033509e-05,-0.002386381646197827,-0.003882531193238533,0.00832881335643993,0.0012346182285774845,-0.00030631909135835886,-0.003882531193238533,-0.002386381646197827,0.0012346182285774845,0.00832881335643993,-0.002419547764760122,-0.00030631909135835886,0.008353813356439931
